pID,conditions,ts,sampleIndex,headset_detected,Headset_Pos_X,Headset_Pos_Y,Headset_Pos_Z,headset_rot,left_detected,LeftController_Pos_X,LeftController_Pos_Y,LeftController_Pos_Z,left_rot,left_trigger,left_grip,left_primaryButton,left_secondaryButton,left_primary2DAxisClick,right_detected,RightController_Pos_X,RightController_Pos_Y,RightController_Pos_Z,right_rot,right_trigger,right_grip,right_primaryButton,right_secondaryButton,right_primary2DAxisClick
1,{},4.777418,0,1,0.01205748,1.780642,6.071873,"(-0.0450,0.9595,-0.0174,-0.2774)",-1,0,0,0,NA,-1,-1,-1,-1,-1,-1,0,0,0,NA,-1,-1,-1,-1,-1
1,{},4.795438,1,1,0.01189156,1.780396,6.07207,"(-0.0447,0.9590,-0.0184,-0.2793)",-1,0,0,0,NA,-1,-1,-1,-1,-1,-1,0,0,0,NA,-1,-1,-1,-1,-1
1,{},4.834405,2,1,0.0118146,1.780209,6.072165,"(-0.0448,0.9587,-0.0187,-0.2801)",-1,0,0,0,NA,-1,-1,-1,-1,-1,-1,0,0,0,NA,-1,-1,-1,-1,-1
1,{},4.973366,3,1,0.01171622,1.780105,6.072234,"(-0.0446,0.9585,-0.0187,-0.2809)",-1,0,0,0,NA,-1,-1,-1,-1,-1,-1,0,0,0,NA,-1,-1,-1,-1,-1
1,{},5.062572,4,1,0.01326868,1.779819,6.070975,"(-0.0441,0.9616,-0.0203,-0.2700)",-1,0,0,0,NA,-1,-1,-1,-1,-1,-1,0,0,0,NA,-1,-1,-1,-1,-1
1,{},5.1223,5,1,0.0144724,1.779363,6.06971,"(-0.0446,0.9636,-0.0228,-0.2626)",-1,0,0,0,NA,-1,-1,-1,-1,-1,-1,0,0,0,NA,-1,-1,-1,-1,-1
1,{},5.162049,6,1,0.01564712,1.778975,6.068223,"(-0.0437,0.9654,-0.0252,-0.2560)",-1,0,0,0,NA,-1,-1,-1,-1,-1,-1,0,0,0,NA,-1,-1,-1,-1,-1
1,{},5.21424,7,1,0.01687017,1.778754,6.06705,"(-0.0434,0.9671,-0.0276,-0.2492)",-1,0,0,0,NA,-1,-1,-1,-1,-1,-1,0,0,0,NA,-1,-1,-1,-1,-1
1,{},5.25324,8,1,0.01760178,1.778649,6.066337,"(-0.0433,0.9682,-0.0281,-0.2448)",-1,0,0,0,NA,-1,-1,-1,-1,-1,-1,0,0,0,NA,-1,-1,-1,-1,-1
1,{},5.293946,9,1,0.01886329,1.778466,6.065315,"(-0.0435,0.9699,-0.0294,-0.2377)",-1,0,0,0,NA,-1,-1,-1,-1,-1,-1,0,0,0,NA,-1,-1,-1,-1,-1
1,{},5.336403,10,1,0.01978414,1.778441,6.064818,"(-0.0426,0.9714,-0.0305,-0.2318)",-1,0,0,0,NA,-1,-1,-1,-1,-1,-1,0,0,0,NA,-1,-1,-1,-1,-1
1,{},5.374855,11,1,0.02207399,1.778266,6.063478,"(-0.0433,0.9745,-0.0325,-0.2177)",-1,0,0,0,NA,-1,-1,-1,-1,-1,-1,0,0,0,NA,-1,-1,-1,-1,-1
1,{},5.417206,12,1,0.02599481,1.777515,6.061677,"(-0.0449,0.9794,-0.0367,-0.1936)",-1,0,0,0,NA,-1,-1,-1,-1,-1,-1,0,0,0,NA,-1,-1,-1,-1,-1
1,{},5.453584,13,1,0.02819669,1.776774,6.060614,"(-0.0447,0.9818,-0.0407,-0.1802)",-1,0,0,0,NA,-1,-1,-1,-1,-1,-1,0,0,0,NA,-1,-1,-1,-1,-1
1,{},5.495625,14,1,0.0333215,1.773853,6.058242,"(-0.0419,0.9854,-0.0590,-0.1538)",-1,0,0,0,NA,-1,-1,-1,-1,-1,-1,0,0,0,NA,-1,-1,-1,-1,-1
1,{},5.54563,15,1,0.03453139,1.772295,6.057478,"(-0.0428,0.9858,-0.0667,-0.1479)",-1,0,0,0,NA,-1,-1,-1,-1,-1,-1,0,0,0,NA,-1,-1,-1,-1,-1
1,{},5.583474,16,1,0.03893136,1.768541,6.054899,"(-0.0448,0.9870,-0.0909,-0.1251)",-1,0,0,0,NA,-1,-1,-1,-1,-1,-1,0,0,0,NA,-1,-1,-1,-1,-1
1,{},5.626426,17,1,0.04231185,1.764663,6.052692,"(-0.0428,0.9865,-0.1154,-0.1077)",-1,0,0,0,NA,-1,-1,-1,-1,-1,-1,0,0,0,NA,-1,-1,-1,-1,-1
1,{},5.66829,18,1,0.04488511,1.76132,6.050406,"(-0.0398,0.9854,-0.1365,-0.0941)",-1,0,0,0,NA,-1,-1,-1,-1,-1,-1,0,0,0,NA,-1,-1,-1,-1,-1
1,{},5.758983,19,1,0.04778681,1.759225,6.045044,"(-0.0336,0.9847,-0.1498,-0.0826)",-1,0,0,0,NA,-1,-1,-1,-1,-1,-1,0,0,0,NA,-1,-1,-1,-1,-1
1,{},5.797757,20,1,0.0494464,1.758478,6.042062,"(-0.0283,0.9846,-0.1539,-0.0783)",1,-0.3208063,3.453918,4.872193,"(-0.5726,-0.6061,0.4269,0.3501)",-1,-1,-1,-1,-1,1,-1.922957,3.684782,4.805025,"(0.7802,-0.4497,-0.3259,0.2880)",-1,-1,-1,-1,-1
1,{},5.838828,21,1,0.05033905,1.757944,6.041056,"(-0.0255,0.9841,-0.1572,-0.0783)",1,-0.3259056,3.455685,4.878471,"(-0.5697,-0.6072,0.4282,0.3512)",-1,-1,-1,-1,-1,1,-1.924624,3.686719,4.807944,"(0.7800,-0.4505,-0.3249,0.2882)",-1,-1,-1,-1,-1
1,{},5.88159,22,1,0.05116508,1.757072,6.040541,"(-0.0240,0.9835,-0.1619,-0.0770)",1,-0.3271217,3.45901,4.878239,"(-0.5722,-0.6048,0.4290,0.3503)",-1,-1,-1,-1,-1,1,-1.924834,3.689243,4.808465,"(0.7800,-0.4511,-0.3245,0.2878)",-1,-1,-1,-1,-1
1,{},5.925521,23,1,0.05172534,1.756708,6.040229,"(-0.0231,0.9835,-0.1627,-0.0757)",1,-0.3296556,3.456229,4.876571,"(-0.5686,-0.6081,0.4309,0.3481)",-1,-1,-1,-1,-1,1,-1.925818,3.689787,4.809388,"(0.7799,-0.4510,-0.3245,0.2882)",-1,-1,-1,-1,-1
1,{},5.966335,24,1,0.05217344,1.756715,6.040102,"(-0.0218,0.9836,-0.1634,-0.0735)",1,-0.3290025,3.459692,4.872865,"(-0.5689,-0.6157,0.4210,0.3465)",-1,-1,-1,-1,-1,1,-1.92697,3.691468,4.810483,"(0.7801,-0.4507,-0.3244,0.2882)",-1,-1,-1,-1,-1
1,{},6.012508,25,1,0.05246555,1.756958,6.039917,"(-0.0223,0.9842,-0.1597,-0.0726)",1,-0.3288688,3.464666,4.878157,"(-0.5668,-0.6217,0.4098,0.3525)",-1,-1,-1,-1,-1,1,-1.927071,3.692394,4.811618,"(0.7800,-0.4510,-0.3248,0.2875)",-1,-1,-1,-1,-1
1,{},6.054091,26,1,0.05278097,1.757348,6.040494,"(-0.0204,0.9844,-0.1595,-0.0711)",1,-0.3227133,3.480526,4.871451,"(-0.5765,-0.6254,0.3874,0.3557)",-1,-1,-1,-1,-1,1,-1.92685,3.692125,4.810163,"(0.7798,-0.4512,-0.3254,0.2871)",-1,-1,-1,-1,-1
1,{},6.095969,27,1,0.05325051,1.757703,6.041239,"(-0.0195,0.9847,-0.1587,-0.0693)",1,-0.3199208,3.501464,4.870861,"(-0.5809,-0.6252,0.3723,0.3646)",-1,-1,-1,-1,-1,1,-1.926749,3.692484,4.808417,"(0.7801,-0.4511,-0.3252,0.2866)",-1,-1,-1,-1,-1
1,{},6.130417,28,1,0.05334494,1.758089,6.041631,"(-0.0197,0.9851,-0.1565,-0.0684)",1,-0.3123361,3.525731,4.882169,"(-0.5817,-0.6211,0.3493,0.3922)",-1,-1,-1,-1,-1,1,-1.926876,3.691794,4.806781,"(0.7805,-0.4508,-0.3250,0.2861)",-1,-1,-1,-1,-1
1,{},6.169259,29,1,0.05358429,1.758639,6.042163,"(-0.0194,0.9856,-0.1537,-0.0674)",1,-0.2970919,3.536528,4.86126,"(-0.5878,-0.6339,0.3100,0.3957)",-1,-1,-1,-1,-1,1,-1.927039,3.69019,4.805562,"(0.7804,-0.4509,-0.3253,0.2862)",-1,-1,-1,-1,-1
1,{},6.212749,30,1,0.05371068,1.759225,6.042794,"(-0.0188,0.9861,-0.1510,-0.0673)",1,-0.2939825,3.545164,4.86854,"(-0.5901,-0.6291,0.2966,0.4099)",-1,-1,-1,-1,-1,1,-1.927141,3.688795,4.804111,"(0.7806,-0.4506,-0.3253,0.2861)",-1,-1,-1,-1,-1
1,{},6.255608,31,1,0.05358084,1.759829,6.043029,"(-0.0193,0.9864,-0.1484,-0.0675)",1,-0.2943533,3.540193,4.853822,"(-0.5845,-0.6489,0.2811,0.3979)",-1,-1,-1,-1,-1,1,-1.926835,3.687773,4.802508,"(0.7806,-0.4506,-0.3253,0.2860)",-1,-1,-1,-1,-1
1,{},6.296587,32,1,0.0535942,1.760393,6.043275,"(-0.0193,0.9868,-0.1462,-0.0674)",1,-0.2995869,3.526991,4.858289,"(-0.5757,-0.6574,0.2847,0.3942)",-1,-1,-1,-1,-1,1,-1.92577,3.686003,4.802142,"(0.7805,-0.4510,-0.3251,0.2858)",-1,-1,-1,-1,-1
1,{},6.331352,33,1,0.05357754,1.760654,6.043345,"(-0.0199,0.9869,-0.1450,-0.0676)",1,-0.2983762,3.529994,4.863734,"(-0.5791,-0.6510,0.2849,0.3997)",-1,-1,-1,-1,-1,1,-1.925425,3.68482,4.801597,"(0.7807,-0.4509,-0.3248,0.2858)",-1,-1,-1,-1,-1
1,{},6.368782,34,1,0.05365034,1.76082,6.043421,"(-0.0204,0.9871,-0.1441,-0.0675)",1,-0.3026691,3.523458,4.865939,"(-0.5711,-0.6602,0.2811,0.3987)",-1,-1,-1,-1,-1,1,-1.925452,3.684143,4.801425,"(0.7805,-0.4512,-0.3249,0.2857)",-1,-1,-1,-1,-1
1,{},6.409309,35,1,0.05372345,1.76111,6.043439,"(-0.0210,0.9873,-0.1423,-0.0672)",1,-0.3037218,3.524034,4.87256,"(-0.5675,-0.6604,0.2780,0.4056)",-1,-1,-1,-1,-1,1,-1.925437,3.683003,4.8008,"(0.7806,-0.4513,-0.3246,0.2858)",-1,-1,-1,-1,-1
1,{},6.451993,36,1,0.05397424,1.761308,6.043555,"(-0.0214,0.9875,-0.1412,-0.0667)",1,-0.3067236,3.514435,4.86412,"(-0.5610,-0.6722,0.2704,0.4004)",-1,-1,-1,-1,-1,1,-1.926509,3.682335,4.799867,"(0.7804,-0.4512,-0.3249,0.2859)",-1,-1,-1,-1,-1
1,{},6.494756,37,1,0.0542626,1.761485,6.043619,"(-0.0210,0.9877,-0.1399,-0.0663)",1,-0.3103721,3.501915,4.850561,"(-0.5504,-0.6924,0.2628,0.3855)",-1,-1,-1,-1,-1,1,-1.926509,3.682171,4.798777,"(0.7803,-0.4518,-0.3247,0.2855)",-1,-1,-1,-1,-1
1,{},6.54176,38,1,0.05435935,1.761617,6.04358,"(-0.0203,0.9878,-0.1393,-0.0661)",1,-0.3114648,3.497135,4.845922,"(-0.5479,-0.7005,0.2562,0.3787)",-1,-1,-1,-1,-1,1,-1.926799,3.681208,4.798293,"(0.7806,-0.4517,-0.3243,0.2854)",-1,-1,-1,-1,-1
1,{},6.578455,39,1,0.05463596,1.761695,6.043684,"(-0.0197,0.9879,-0.1389,-0.0661)",1,-0.3175903,3.497664,4.857705,"(-0.5495,-0.6896,0.2705,0.3864)",-1,-1,-1,-1,-1,1,-1.927452,3.680612,4.798256,"(0.7804,-0.4520,-0.3243,0.2855)",-1,-1,-1,-1,-1
1,{},6.620699,40,1,0.05481534,1.761589,6.043813,"(-0.0198,0.9879,-0.1392,-0.0659)",1,-0.3177322,3.499485,4.858272,"(-0.5509,-0.6860,0.2729,0.3892)",-1,-1,-1,-1,-1,1,-1.92801,3.680548,4.798009,"(0.7805,-0.4518,-0.3243,0.2855)",-1,-1,-1,-1,-1
1,{},6.663191,41,1,0.05486399,1.761857,6.043931,"(-0.0188,0.9880,-0.1381,-0.0665)",1,-0.3136711,3.503534,4.850416,"(-0.5569,-0.6860,0.2673,0.3845)",-1,-1,-1,-1,-1,1,-1.928799,3.679633,4.798723,"(0.7803,-0.4516,-0.3246,0.2859)",-1,-1,-1,-1,-1
1,{},6.705313,42,1,0.05482908,1.762251,6.043941,"(-0.0181,0.9883,-0.1364,-0.0665)",1,-0.3072738,3.508756,4.843724,"(-0.5514,-0.7029,0.2424,0.3784)",-1,-1,-1,-1,-1,1,-1.929179,3.67864,4.799078,"(0.7807,-0.4512,-0.3244,0.2859)",-1,-1,-1,-1,-1
1,{},6.740758,43,1,0.05482597,1.762575,6.044001,"(-0.0190,0.9884,-0.1352,-0.0662)",1,-0.3137787,3.504069,4.84978,"(-0.5368,-0.7135,0.2388,0.3818)",-1,-1,-1,-1,-1,1,-1.929289,3.678302,4.799292,"(0.7805,-0.4514,-0.3247,0.2856)",-1,-1,-1,-1,-1
1,{},6.780236,44,1,0.05477642,1.762958,6.044211,"(-0.0179,0.9885,-0.1345,-0.0661)",1,-0.3040539,3.510549,4.840904,"(-0.5279,-0.7357,0.2046,0.3718)",-1,-1,-1,-1,-1,1,-1.929096,3.677098,4.798297,"(0.7808,-0.4512,-0.3244,0.2855)",-1,-1,-1,-1,-1
1,{},6.823525,45,1,0.05472846,1.763337,6.044396,"(-0.0187,0.9888,-0.1322,-0.0663)",1,-0.301909,3.507287,4.833158,"(-0.5278,-0.7429,0.1954,0.3625)",-1,-1,-1,-1,-1,1,-1.928146,3.674484,4.797055,"(0.7820,-0.4502,-0.3228,0.2855)",-1,-1,-1,-1,-1
1,{},6.870127,46,1,0.05487231,1.763434,6.044787,"(-0.0185,0.9890,-0.1308,-0.0663)",1,-0.2912644,3.529062,4.847026,"(-0.5305,-0.7379,0.1637,0.3837)",-1,-1,-1,-1,-1,1,-1.928646,3.674674,4.796769,"(0.7810,-0.4512,-0.3236,0.2860)",-1,-1,-1,-1,-1
1,{},6.910177,47,1,0.05507637,1.763708,6.045084,"(-0.0189,0.9893,-0.1291,-0.0659)",1,-0.2748511,3.545133,4.840911,"(-0.5299,-0.7482,0.1256,0.3790)",-1,-1,-1,-1,-1,1,-1.929294,3.673984,4.796188,"(0.7810,-0.4510,-0.3237,0.2860)",-1,-1,-1,-1,-1
1,{},6.96182,48,1,0.0553557,1.764026,6.045428,"(-0.0186,0.9895,-0.1278,-0.0655)",1,-0.258812,3.556352,4.834052,"(-0.5344,-0.7500,0.0964,0.3777)",-1,-1,-1,-1,-1,1,-1.930152,3.67357,4.795476,"(0.7811,-0.4509,-0.3239,0.2858)",-1,-1,-1,-1,-1
1,{},7.001958,49,1,0.05561462,1.764306,6.045828,"(-0.0185,0.9896,-0.1262,-0.0660)",1,-0.2533707,3.562408,4.829371,"(-0.5428,-0.7472,0.0930,0.3720)",-1,-1,-1,-1,-1,1,-1.930719,3.672994,4.794746,"(0.7808,-0.4511,-0.3241,0.2859)",-1,-1,-1,-1,-1
1,{},7.061386,50,1,0.05569371,1.764353,6.045926,"(-0.0180,0.9896,-0.1263,-0.0661)",1,-0.2663454,3.53985,4.826046,"(-0.5586,-0.7308,0.1347,0.3684)",-1,-1,-1,-1,-1,1,-1.931409,3.671542,4.794724,"(0.7811,-0.4506,-0.3240,0.2862)",-1,-1,-1,-1,-1
1,{},7.101645,51,1,0.05598047,1.764511,6.046206,"(-0.0180,0.9898,-0.1252,-0.0656)",1,-0.2702468,3.52614,4.82022,"(-0.5283,-0.7688,0.1164,0.3411)",-1,-1,-1,-1,-1,1,-1.932574,3.671624,4.79532,"(0.7810,-0.4505,-0.3244,0.2860)",-1,-1,-1,-1,-1
1,{},7.219118,52,1,0.05644222,1.764481,6.046432,"(-0.0172,0.9899,-0.1250,-0.0647)",1,-0.2551357,3.540137,4.822117,"(-0.5246,-0.7765,0.0805,0.3397)",-1,-1,-1,-1,-1,1,-1.933714,3.670838,4.795056,"(0.7810,-0.4504,-0.3244,0.2863)",-1,-1,-1,-1,-1
1,{},7.289969,53,1,0.05652821,1.764548,6.046379,"(-0.0171,0.9900,-0.1245,-0.0649)",1,-0.2526232,3.526839,4.799983,"(-0.5217,-0.7883,0.0799,0.3163)",-1,-1,-1,-1,-1,1,-1.933067,3.670009,4.792045,"(0.7812,-0.4508,-0.3234,0.2863)",-1,-1,-1,-1,-1
1,{},7.329073,54,1,0.05652036,1.764519,6.046315,"(-0.0171,0.9899,-0.1246,-0.0655)",1,-0.260181,3.516208,4.798703,"(-0.5288,-0.7817,0.1035,0.3141)",-1,-1,-1,-1,-1,1,-1.932894,3.670079,4.793321,"(0.7810,-0.4511,-0.3235,0.2861)",-1,-1,-1,-1,-1
1,{},7.370454,55,1,0.05645126,1.76456,6.04624,"(-0.0168,0.9898,-0.1249,-0.0658)",1,-0.2595296,3.521321,4.803068,"(-0.5266,-0.7821,0.0974,0.3186)",-1,-1,-1,-1,-1,1,-1.934042,3.669326,4.794732,"(0.7810,-0.4505,-0.3239,0.2867)",-1,-1,-1,-1,-1
1,{},7.415282,56,1,0.05640201,1.764501,6.046217,"(-0.0169,0.9898,-0.1255,-0.0655)",1,-0.2594301,3.522192,4.801586,"(-0.5287,-0.7806,0.0989,0.3184)",-1,-1,-1,-1,-1,1,-1.934375,3.668975,4.794817,"(0.7812,-0.4502,-0.3237,0.2868)",-1,-1,-1,-1,-1
1,{},7.45788,57,1,0.0561711,1.764727,6.045957,"(-0.0178,0.9899,-0.1241,-0.0657)",1,-0.252109,3.525282,4.779044,"(-0.5335,-0.7824,0.0992,0.3057)",-1,-1,-1,-1,-1,1,-1.932518,3.669598,4.79491,"(0.7811,-0.4508,-0.3235,0.2863)",-1,-1,-1,-1,-1
1,{},7.494107,58,1,0.05602063,1.76474,6.046084,"(-0.0171,0.9898,-0.1253,-0.0658)",1,-0.2356428,3.537638,4.771662,"(-0.5519,-0.7706,0.0876,0.3064)",-1,-1,-1,-1,-1,1,-1.931786,3.669924,4.7946,"(0.7811,-0.4512,-0.3233,0.2859)",-1,-1,-1,-1,-1
1,{},7.532691,59,1,0.05585018,1.764717,6.046191,"(-0.0169,0.9898,-0.1252,-0.0659)",1,-0.2526414,3.518605,4.735839,"(-0.5787,-0.7502,0.1495,0.2827)",-1,-1,-1,-1,-1,1,-1.931496,3.669696,4.794625,"(0.7815,-0.4506,-0.3231,0.2862)",-1,-1,-1,-1,-1
1,{},7.579204,60,1,0.05564024,1.76484,6.046175,"(-0.0175,0.9899,-0.1239,-0.0667)",1,-0.2282119,3.525448,4.703451,"(-0.5996,-0.7430,0.1442,0.2599)",-1,-1,-1,-1,-1,1,-1.932044,3.668936,4.795063,"(0.7817,-0.4499,-0.3230,0.2866)",-1,-1,-1,-1,-1
1,{},7.614423,61,1,0.05551474,1.764935,6.046217,"(-0.0176,0.9899,-0.1232,-0.0674)",1,-0.1933712,3.545652,4.676136,"(-0.5851,-0.7766,0.0708,0.2228)",-1,-1,-1,-1,-1,1,-1.932001,3.668441,4.795216,"(0.7820,-0.4495,-0.3228,0.2866)",-1,-1,-1,-1,-1
1,{},7.655637,62,1,0.05550925,1.764932,6.046469,"(-0.0179,0.9899,-0.1235,-0.0675)",1,-0.1669257,3.544546,4.647042,"(-0.5849,-0.7868,0.0528,0.1896)",-1,-1,-1,-1,-1,1,-1.93061,3.66743,4.793022,"(0.7839,-0.4484,-0.3207,0.2857)",-1,-1,-1,-1,-1
1,{},7.70156,63,1,0.05565016,1.764977,6.04656,"(-0.0168,0.9901,-0.1226,-0.0665)",1,-0.1674481,3.518763,4.622003,"(-0.6107,-0.7625,0.1185,0.1778)",-1,-1,-1,-1,-1,1,-1.927898,3.667521,4.789737,"(0.7841,-0.4496,-0.3189,0.2852)",-1,-1,-1,-1,-1
1,{},7.743541,64,1,0.05599495,1.765282,6.04656,"(-0.0161,0.9902,-0.1217,-0.0660)",1,-0.1592415,3.468555,4.588645,"(-0.6782,-0.6933,0.2062,0.1297)",-1,-1,-1,-1,-1,1,-1.916726,3.662735,4.779167,"(0.7909,-0.4489,-0.3065,0.2812)",-1,-1,-1,-1,-1
1,{},7.785798,65,1,0.05625123,1.765754,6.046399,"(-0.0157,0.9905,-0.1206,-0.0645)",1,-0.1273786,3.466874,4.567452,"(-0.6929,-0.6880,0.1942,0.0937)",-1,-1,-1,-1,-1,1,-1.879917,3.650659,4.746006,"(0.8126,-0.4485,-0.2624,0.2641)",-1,-1,-1,-1,-1
1,{},7.827136,66,1,0.05649354,1.765912,6.046286,"(-0.0157,0.9906,-0.1198,-0.0635)",1,-0.08477788,3.471268,4.549731,"(-0.7080,-0.6849,0.1619,0.0591)",-1,-1,-1,-1,-1,1,-1.822109,3.634064,4.703673,"(0.8266,-0.4621,-0.2023,0.2496)",-1,-1,-1,-1,-1
1,{},7.874822,67,1,0.05677754,1.76573,6.046159,"(-0.0165,0.9907,-0.1197,-0.0622)",1,-0.08686806,3.470059,4.555077,"(-0.7386,-0.6368,0.2129,0.0596)",-1,-1,-1,-1,-1,1,-1.742011,3.616083,4.663403,"(0.8218,-0.4993,-0.1385,0.2370)",-1,-1,-1,-1,-1
1,{},7.937496,68,1,0.057158,1.765649,6.046039,"(-0.0166,0.9907,-0.1199,-0.0615)",1,-0.1190907,3.47645,4.58561,"(-0.7869,-0.5288,0.3090,0.0754)",-1,-1,-1,-1,-1,1,-1.655423,3.600289,4.633224,"(0.8069,-0.5414,-0.0791,0.2227)",-1,-1,-1,-1,-1
1,{},8.081974,69,1,0.0576924,1.765637,6.045799,"(-0.0160,0.9909,-0.1196,-0.0602)",1,-0.120071,3.515154,4.596459,"(-0.8177,-0.4717,0.3078,0.1189)",-1,-1,-1,-1,-1,1,-1.603849,3.614646,4.62978,"(0.7813,-0.5830,-0.0774,0.2089)",-1,-1,-1,-1,-1
1,{},8.124816,70,1,0.05862331,1.765433,6.045284,"(-0.0143,0.9912,-0.1194,-0.0552)",1,-0.1240425,3.499032,4.588755,"(-0.7872,-0.5446,0.2698,0.1042)",-1,-1,-1,-1,-1,1,-1.57339,3.620712,4.628824,"(0.7809,-0.5895,-0.0655,0.1960)",-1,-1,-1,-1,-1
1,{},8.17376,71,1,0.05828402,1.765781,6.045338,"(-0.0146,0.9913,-0.1175,-0.0567)",1,-0.2285049,3.488254,4.663423,"(-0.7176,-0.6119,0.2672,0.1980)",-1,-1,-1,-1,-1,1,-1.446441,3.570614,4.628795,"(0.7320,-0.6598,0.0425,0.1646)",-1,-1,-1,-1,-1
1,{},8.213109,72,1,0.05802394,1.766311,6.045238,"(-0.0166,0.9916,-0.1145,-0.0581)",1,-0.2483353,3.477015,4.674204,"(-0.6962,-0.6295,0.2710,0.2135)",-1,-1,-1,-1,-1,1,-1.480617,3.600481,4.628054,"(0.7114,-0.6808,-0.0091,0.1743)",-1,-1,-1,-1,-1
1,{},8.257411,73,1,0.0579217,1.766401,6.045452,"(-0.0163,0.9915,-0.1147,-0.0585)",1,-0.247718,3.490739,4.675212,"(-0.6850,-0.6395,0.2679,0.2238)",-1,-1,-1,-1,-1,1,-1.510306,3.605549,4.625552,"(0.7363,-0.6537,-0.0279,0.1726)",-1,-1,-1,-1,-1
1,{},8.299405,74,1,0.05792207,1.766362,6.045767,"(-0.0174,0.9916,-0.1138,-0.0584)",1,-0.2230507,3.503957,4.660179,"(-0.7200,-0.6047,0.2613,0.2184)",-1,-1,-1,-1,-1,1,-1.544362,3.612966,4.627476,"(0.7170,-0.6698,-0.0563,0.1849)",-1,-1,-1,-1,-1
1,{},8.340681,75,1,0.06266312,1.760709,6.043211,"(-0.0166,0.9918,-0.1124,-0.0589)",1,-0.2116565,3.490614,4.64948,"(-0.7315,-0.5896,0.2724,0.2075)",-1,-1,-1,-1,-1,1,-1.572861,3.616583,4.628545,"(0.7004,-0.6817,-0.0823,0.1947)",-1,-1,-1,-1,-1
1,{},8.381909,76,1,0.1462211,1.738285,6.01111,"(-0.0176,0.9916,-0.1123,-0.0614)",1,-0.1164761,3.465333,4.608121,"(-0.7446,-0.5728,0.2762,0.2027)",-1,-1,-1,-1,-1,1,-1.515287,3.590649,4.600675,"(0.7222,-0.6543,-0.0886,0.2062)",-1,-1,-1,-1,-1
1,{},8.424095,77,1,0.2433131,1.697705,5.972044,"(-0.0197,0.9912,-0.1133,-0.0660)",1,-0.0211059,3.419235,4.564857,"(-0.7436,-0.5721,0.2834,0.1986)",-1,-1,-1,-1,-1,1,-1.42971,3.565071,4.564548,"(0.7251,-0.6497,-0.1023,0.2041)",-1,-1,-1,-1,-1
1,{},8.481589,78,1,0.3722934,1.685883,5.915571,"(-0.0211,0.9902,-0.1154,-0.0757)",1,0.1064612,3.41468,4.516075,"(-0.7333,-0.5853,0.2759,0.2090)",-1,-1,-1,-1,-1,1,-1.292405,3.570951,4.50824,"(0.7009,-0.6758,-0.1161,0.1965)",-1,-1,-1,-1,-1
1,{},8.522453,79,1,0.3771424,1.684124,5.910506,"(-0.0205,0.9875,-0.1249,-0.0943)",1,0.1153692,3.42258,4.517896,"(-0.7176,-0.6074,0.2638,0.2157)",-1,-1,-1,-1,-1,1,-1.245693,3.584774,4.496216,"(0.7020,-0.6831,-0.1065,0.1712)",-1,-1,-1,-1,-1
1,{},8.562703,80,1,0.3745402,1.682905,5.911189,"(-0.0199,0.9850,-0.1328,-0.1084)",1,0.129828,3.438863,4.516684,"(-0.7238,-0.6029,0.2549,0.2181)",-1,-1,-1,-1,-1,1,-1.207359,3.621547,4.499903,"(0.6595,-0.7274,-0.1263,0.1417)",-1,-1,-1,-1,-1
1,{},8.600411,81,1,0.3727244,1.681575,5.911491,"(-0.0192,0.9828,-0.1409,-0.1176)",1,0.1404213,3.455907,4.518345,"(-0.7291,-0.5978,0.2432,0.2279)",-1,-1,-1,-1,-1,1,-1.176413,3.634252,4.502117,"(0.6295,-0.7566,-0.1287,0.1213)",-1,-1,-1,-1,-1
1,{},8.642831,82,1,0.3692712,1.677927,5.911554,"(-0.0167,0.9784,-0.1586,-0.1313)",1,0.1551936,3.486326,4.519007,"(-0.7314,-0.5945,0.2318,0.2406)",-1,-1,-1,-1,-1,1,-1.115869,3.660353,4.502014,"(0.5938,-0.7904,-0.1232,0.0866)",-1,-1,-1,-1,-1
1,{},8.691559,83,1,0.3671748,1.674688,5.911596,"(-0.0201,0.9747,-0.1730,-0.1401)",1,0.1660263,3.505758,4.514516,"(-0.7292,-0.6006,0.2204,0.2428)",-1,-1,-1,-1,-1,1,-1.095133,3.660545,4.503419,"(0.6073,-0.7823,-0.1127,0.0807)",-1,-1,-1,-1,-1
1,{},8.731575,84,1,0.3621241,1.668916,5.910871,"(-0.0269,0.9655,-0.2049,-0.1583)",1,0.2120691,3.567128,4.487453,"(-0.7305,-0.6154,0.1721,0.2409)",-1,-1,-1,-1,-1,1,-1.083751,3.662082,4.507892,"(0.6421,-0.7533,-0.1043,0.0969)",-1,-1,-1,-1,-1
1,{},8.772804,85,1,0.3584769,1.665608,5.908811,"(-0.0283,0.9616,-0.2150,-0.1683)",1,0.2502399,3.596807,4.480618,"(-0.7303,-0.6241,0.1354,0.2424)",-1,-1,-1,-1,-1,1,-1.071888,3.667709,4.516724,"(0.6311,-0.7629,-0.1026,0.0959)",-1,-1,-1,-1,-1
1,{},8.806367,86,1,0.3556685,1.662459,5.907363,"(-0.0304,0.9576,-0.2254,-0.1767)",1,0.2701717,3.618153,4.47754,"(-0.7199,-0.6392,0.1108,0.2466)",-1,-1,-1,-1,-1,1,-1.075182,3.693835,4.528689,"(0.6270,-0.7647,-0.1167,0.0922)",-1,-1,-1,-1,-1
1,{},8.848493,87,1,0.3504118,1.657204,5.905636,"(-0.0339,0.9491,-0.2460,-0.1938)",1,0.3017071,3.650751,4.477273,"(-0.7124,-0.6500,0.0889,0.2491)",-1,-1,-1,-1,-1,1,-1.073323,3.718026,4.541073,"(0.6394,-0.7534,-0.1224,0.0929)",-1,-1,-1,-1,-1
1,{},8.90244,88,1,0.3426947,1.654725,5.903343,"(-0.0372,0.9386,-0.2561,-0.2280)",1,0.3189533,3.660027,4.477301,"(-0.7141,-0.6488,0.0895,0.2470)",-1,-1,-1,-1,-1,1,-1.073611,3.730431,4.549333,"(0.6524,-0.7415,-0.1245,0.0953)",-1,-1,-1,-1,-1
1,{},8.941346,89,1,0.3342261,1.650391,5.901823,"(-0.0398,0.9265,-0.2655,-0.2639)",1,0.3538497,3.649616,4.497624,"(-0.7291,-0.6370,0.1126,0.2235)",-1,-1,-1,-1,-1,1,-1.081839,3.745733,4.580778,"(0.6567,-0.7314,-0.1439,0.1143)",-1,-1,-1,-1,-1
1,{},8.984386,90,1,0.3280663,1.647151,5.902963,"(-0.0438,0.9150,-0.2799,-0.2872)",1,0.3571783,3.656936,4.516431,"(-0.7253,-0.6384,0.1156,0.2305)",-1,-1,-1,-1,-1,1,-1.084521,3.749594,4.585704,"(0.6642,-0.7224,-0.1441,0.1274)",-1,-1,-1,-1,-1
1,{},9.025796,91,1,0.3211644,1.645046,5.903109,"(-0.0448,0.9048,-0.2832,-0.3148)",1,0.3553371,3.652974,4.541424,"(-0.7181,-0.6438,0.1252,0.2328)",-1,-1,-1,-1,-1,1,-1.066333,3.75168,4.593421,"(0.6655,-0.7220,-0.1396,0.1275)",-1,-1,-1,-1,-1
1,{},9.067338,92,1,0.3155516,1.641853,5.904591,"(-0.0446,0.8935,-0.2928,-0.3376)",1,0.3549286,3.662146,4.561859,"(-0.7143,-0.6434,0.1295,0.2430)",-1,-1,-1,-1,-1,1,-1.04362,3.761182,4.596315,"(0.6639,-0.7245,-0.1369,0.1253)",-1,-1,-1,-1,-1
1,{},9.181988,93,1,0.3134534,1.640903,5.904712,"(-0.0451,0.8894,-0.2956,-0.3456)",1,0.3543699,3.663904,4.567201,"(-0.7121,-0.6451,0.1318,0.2437)",-1,-1,-1,-1,-1,1,-1.035662,3.765937,4.598114,"(0.6643,-0.7243,-0.1372,0.1234)",-1,-1,-1,-1,-1
1,{},9.226399,94,1,0.276894,1.636016,5.981163,"(-0.0505,0.8734,-0.3075,-0.3744)",1,0.3366401,3.66842,4.677602,"(-0.7073,-0.6439,0.1442,0.2537)",-1,-1,-1,-1,-1,1,-1.014261,3.786679,4.679599,"(0.6610,-0.7286,-0.1364,0.1166)",-1,-1,-1,-1,-1
1,{},9.271374,95,1,0.2745779,1.635525,5.98144,"(-0.0531,0.8722,-0.3070,-0.3772)",1,0.3513924,3.682312,4.692636,"(-0.6988,-0.6513,0.1305,0.2653)",-1,-1,-1,-1,-1,1,-0.991932,3.797866,4.680438,"(0.6621,-0.7279,-0.1373,0.1133)",-1,-1,-1,-1,-1
1,{},9.310032,96,1,0.2750621,1.636168,5.981524,"(-0.0531,0.8733,-0.3056,-0.3757)",1,0.3618479,3.695248,4.691321,"(-0.7043,-0.6431,0.1270,0.2724)",-1,-1,-1,-1,-1,1,-0.9864933,3.804127,4.679971,"(0.6654,-0.7255,-0.1378,0.1091)",-1,-1,-1,-1,-1
1,{},9.35027,97,1,0.2739171,1.636852,5.981654,"(-0.0560,0.8729,-0.3034,-0.3779)",1,0.3684832,3.697331,4.685995,"(-0.7054,-0.6436,0.1205,0.2715)",-1,-1,-1,-1,-1,1,-0.9925702,3.815517,4.683096,"(0.6698,-0.7202,-0.1488,0.1030)",-1,-1,-1,-1,-1
1,{},9.403386,98,1,0.2735807,1.641468,5.981544,"(-0.0476,0.8782,-0.2887,-0.3784)",1,0.376894,3.691322,4.680709,"(-0.7095,-0.6408,0.1184,0.2682)",-1,-1,-1,-1,-1,1,-0.993914,3.817248,4.68558,"(0.6764,-0.7138,-0.1541,0.0965)",-1,-1,-1,-1,-1
1,{},9.444633,99,1,0.2742031,1.644635,5.982337,"(-0.0425,0.8805,-0.2741,-0.3845)",1,0.3808751,3.678915,4.676124,"(-0.7102,-0.6422,0.1154,0.2644)",-1,-1,-1,-1,-1,1,-0.9998205,3.810997,4.686972,"(0.6783,-0.7111,-0.1591,0.0942)",-1,-1,-1,-1,-1
1,{},9.486331,100,1,0.2760865,1.646149,5.983958,"(-0.0424,0.8808,-0.2683,-0.3879)",1,0.3718323,3.660842,4.667845,"(-0.7088,-0.6440,0.1267,0.2586)",-1,-1,-1,-1,-1,1,-0.9937986,3.805584,4.68785,"(0.6880,-0.7048,-0.1530,0.0812)",-1,-1,-1,-1,-1
1,{},9.531383,101,1,0.2772113,1.647561,5.985102,"(-0.0410,0.8818,-0.2642,-0.3886)",1,0.3701832,3.653345,4.65831,"(-0.7165,-0.6374,0.1333,0.2501)",-1,-1,-1,-1,-1,1,-1.005,3.795787,4.681414,"(0.6830,-0.7076,-0.1554,0.0931)",-1,-1,-1,-1,-1
1,{},9.573581,102,1,0.2835803,1.648658,6.048755,"(-0.0406,0.8827,-0.2594,-0.3896)",1,0.372392,3.643476,4.717088,"(-0.7226,-0.6306,0.1433,0.2442)",-1,-1,-1,-1,-1,1,-1.004473,3.787426,4.739774,"(0.6825,-0.7077,-0.1547,0.0970)",-1,-1,-1,-1,-1
1,{},9.615105,103,1,0.2931082,1.649836,6.153482,"(-0.0385,0.8849,-0.2545,-0.3881)",1,0.3713511,3.642124,4.828405,"(-0.7175,-0.6327,0.1419,0.2545)",-1,-1,-1,-1,-1,1,-1.010298,3.780122,4.840158,"(0.6766,-0.7105,-0.1597,0.1095)",-1,-1,-1,-1,-1
1,{},9.656398,104,1,0.3003909,1.650367,6.256945,"(-0.0369,0.8859,-0.2524,-0.3874)",1,0.3693795,3.641818,4.936941,"(-0.7103,-0.6380,0.1401,0.2623)",-1,-1,-1,-1,-1,1,-1.01432,3.77948,4.941947,"(0.6709,-0.7135,-0.1656,0.1157)",-1,-1,-1,-1,-1
1,{},9.697805,105,1,0.3077315,1.651184,6.361189,"(-0.0359,0.8872,-0.2493,-0.3865)",1,0.3726215,3.640392,5.043064,"(-0.7086,-0.6395,0.1369,0.2649)",-1,-1,-1,-1,-1,1,-1.016152,3.782751,5.04766,"(0.6755,-0.7085,-0.1706,0.1123)",-1,-1,-1,-1,-1
1,{},9.740605,106,1,0.319426,1.651965,6.444511,"(-0.0354,0.8885,-0.2470,-0.3852)",1,0.3814036,3.642664,5.131802,"(-0.7016,-0.6462,0.1271,0.2720)",-1,-1,-1,-1,-1,1,-1.013311,3.783316,5.133659,"(0.6765,-0.7055,-0.1768,0.1154)",-1,-1,-1,-1,-1
1,{},9.781565,107,1,0.32322,1.65292,6.455829,"(-0.0351,0.8896,-0.2443,-0.3843)",1,0.382303,3.636747,5.137594,"(-0.7064,-0.6400,0.1358,0.2701)",-1,-1,-1,-1,-1,1,-1.015303,3.786235,5.147323,"(0.6829,-0.6989,-0.1805,0.1123)",-1,-1,-1,-1,-1
1,{},9.824451,108,1,0.3238992,1.653854,6.455017,"(-0.0374,0.8925,-0.2407,-0.3796)",1,0.3834991,3.634582,5.135387,"(-0.7049,-0.6436,0.1323,0.2671)",-1,-1,-1,-1,-1,1,-1.019628,3.788341,5.149134,"(0.6834,-0.6975,-0.1845,0.1116)",-1,-1,-1,-1,-1
1,{},9.863693,109,1,0.3245387,1.654455,6.454711,"(-0.0379,0.8949,-0.2383,-0.3753)",1,0.3822399,3.630268,5.132466,"(-0.7081,-0.6407,0.1331,0.2654)",-1,-1,-1,-1,-1,1,-1.020457,3.78462,5.149866,"(0.6966,-0.6879,-0.1755,0.1038)",-1,-1,-1,-1,-1
1,{},9.905096,110,1,0.3256083,1.654299,6.453731,"(-0.0389,0.8976,-0.2384,-0.3688)",1,0.3800817,3.629389,5.130198,"(-0.7086,-0.6409,0.1324,0.2638)",-1,-1,-1,-1,-1,1,-1.027967,3.785903,5.150321,"(0.6992,-0.6842,-0.1785,0.1059)",-1,-1,-1,-1,-1
1,{},9.947515,111,1,0.3276604,1.652622,6.451735,"(-0.0416,0.9022,-0.2436,-0.3534)",1,0.3749675,3.629132,5.128179,"(-0.7107,-0.6393,0.1346,0.2609)",-1,-1,-1,-1,-1,1,-1.042023,3.790826,5.151159,"(0.6890,-0.6898,-0.1913,0.1139)",-1,-1,-1,-1,-1
1,{},9.988453,112,1,0.3285965,1.651198,6.450702,"(-0.0416,0.9034,-0.2483,-0.3471)",1,0.3716892,3.634803,5.128306,"(-0.7113,-0.6391,0.1342,0.2600)",-1,-1,-1,-1,-1,1,-1.050291,3.794999,5.151052,"(0.6798,-0.6968,-0.1953,0.1194)",-1,-1,-1,-1,-1
1,{},10.03079,113,1,0.3309244,1.647753,6.448381,"(-0.0461,0.9049,-0.2613,-0.3329)",1,0.3626679,3.646516,5.131565,"(-0.7133,-0.6368,0.1360,0.2590)",-1,-1,-1,-1,-1,1,-1.057366,3.805902,5.153846,"(0.6826,-0.6955,-0.1907,0.1179)",-1,-1,-1,-1,-1
1,{},10.14451,114,1,0.3356518,1.642128,6.441908,"(-0.0527,0.9110,-0.2824,-0.2961)",1,0.3586773,3.654565,5.133399,"(-0.7151,-0.6350,0.1356,0.2588)",-1,-1,-1,-1,-1,1,-1.062506,3.813571,5.156164,"(0.6843,-0.6942,-0.1905,0.1168)",-1,-1,-1,-1,-1
1,{},10.18373,115,1,0.3787111,1.63779,6.482809,"(-0.0606,0.9175,-0.2984,-0.2559)",1,0.3696802,3.658621,5.18678,"(-0.7153,-0.6373,0.1474,0.2459)",-1,-1,-1,-1,-1,1,-1.044688,3.834762,5.216877,"(0.6818,-0.6965,-0.1911,0.1159)",-1,-1,-1,-1,-1
1,{},10.22463,116,1,0.4394878,1.635758,6.560245,"(-0.0646,0.9205,-0.3056,-0.2348)",1,0.4210135,3.663639,5.27136,"(-0.7164,-0.6356,0.1469,0.2473)",-1,-1,-1,-1,-1,1,-0.9933633,3.839077,5.300642,"(0.6811,-0.6972,-0.1913,0.1159)",-1,-1,-1,-1,-1
1,{},10.26135,117,1,0.4917627,1.634716,6.635942,"(-0.0670,0.9218,-0.3098,-0.2233)",1,0.4585616,3.671325,5.350513,"(-0.7172,-0.6330,0.1500,0.2498)",-1,-1,-1,-1,-1,1,-0.9521036,3.844967,5.378304,"(0.6803,-0.6985,-0.1900,0.1150)",-1,-1,-1,-1,-1
1,{},10.30273,118,1,0.5471489,1.633297,6.719296,"(-0.0628,0.9239,-0.3145,-0.2089)",1,0.5093384,3.678044,5.438458,"(-0.7174,-0.6339,0.1449,0.2500)",-1,-1,-1,-1,-1,1,-0.9054366,3.846015,5.467403,"(0.6803,-0.6986,-0.1891,0.1156)",-1,-1,-1,-1,-1
1,{},10.3405,119,1,0.5633067,1.632457,6.744322,"(-0.0633,0.9246,-0.3173,-0.2011)",1,0.5184649,3.683623,5.46646,"(-0.7198,-0.6311,0.1429,0.2512)",-1,-1,-1,-1,-1,1,-0.8986371,3.84876,5.495236,"(0.6793,-0.6997,-0.1885,0.1162)",-1,-1,-1,-1,-1
1,{},10.38222,120,1,0.5665562,1.631968,6.746646,"(-0.0592,0.9250,-0.3187,-0.1983)",1,0.5168278,3.685452,5.468424,"(-0.7195,-0.6335,0.1409,0.2475)",-1,-1,-1,-1,-1,1,-0.9016035,3.850948,5.500728,"(0.6784,-0.7005,-0.1884,0.1168)",-1,-1,-1,-1,-1
1,{},10.42962,121,1,0.56943,1.632982,6.746117,"(-0.0538,0.9271,-0.3176,-0.1917)",1,0.5085806,3.68418,5.471234,"(-0.7207,-0.6309,0.1437,0.2487)",-1,-1,-1,-1,-1,1,-0.907695,3.850887,5.502568,"(0.6788,-0.7003,-0.1882,0.1161)",-1,-1,-1,-1,-1
1,{},10.46942,122,1,0.5714009,1.634239,6.745383,"(-0.0511,0.9301,-0.3140,-0.1838)",1,0.507778,3.683472,5.467982,"(-0.7221,-0.6314,0.1375,0.2469)",-1,-1,-1,-1,-1,1,-0.908838,3.853091,5.503722,"(0.6811,-0.6994,-0.1881,0.1074)",-1,-1,-1,-1,-1
1,{},10.58491,123,1,0.5735279,1.63667,6.745115,"(-0.0480,0.9347,-0.3047,-0.1764)",1,0.5197887,3.688768,5.466182,"(-0.7388,-0.6114,0.1324,0.2508)",-1,-1,-1,-1,-1,1,-0.906561,3.850921,5.506597,"(0.6867,-0.6957,-0.1882,0.0953)",-1,-1,-1,-1,-1
1,{},10.6375,124,1,0.5771732,1.640071,6.746464,"(-0.0456,0.9405,-0.2936,-0.1652)",1,0.5176464,3.686258,5.46686,"(-0.7435,-0.6066,0.1311,0.2491)",-1,-1,-1,-1,-1,1,-0.9089653,3.845825,5.504305,"(0.6868,-0.6958,-0.1862,0.0975)",-1,-1,-1,-1,-1
1,{},10.67572,125,1,0.5806488,1.645297,6.747737,"(-0.0422,0.9477,-0.2755,-0.1553)",1,0.5058917,3.668884,5.442413,"(-0.7348,-0.6223,0.1267,0.2381)",-1,-1,-1,-1,-1,1,-0.9297877,3.827117,5.491636,"(0.6851,-0.6953,-0.1885,0.1078)",-1,-1,-1,-1,-1
1,{},10.71712,126,1,0.5826369,1.64912,6.748682,"(-0.0398,0.9530,-0.2609,-0.1489)",1,0.5097055,3.643806,5.418352,"(-0.7525,-0.6044,0.1385,0.2220)",-1,-1,-1,-1,-1,1,-0.9601125,3.807704,5.487556,"(0.6830,-0.6922,-0.1976,0.1240)",-1,-1,-1,-1,-1
1,{},10.75198,127,1,0.5831626,1.651504,6.748633,"(-0.0389,0.9559,-0.2514,-0.1467)",1,0.5117217,3.641492,5.412704,"(-0.7554,-0.6020,0.1383,0.2189)",-1,-1,-1,-1,-1,1,-0.9661917,3.807922,5.489407,"(0.6859,-0.6876,-0.2031,0.1244)",-1,-1,-1,-1,-1
1,{},10.78773,128,1,0.5857647,1.659452,6.748707,"(-0.0357,0.9659,-0.2174,-0.1360)",1,0.5410908,3.644725,5.379444,"(-0.7840,-0.5703,0.1416,0.1999)",-1,-1,-1,-1,-1,1,-0.9889215,3.8039,5.498157,"(0.7277,-0.6441,-0.2087,0.1096)",-1,-1,-1,-1,-1
1,{},10.83292,129,1,0.5891035,1.667114,6.751148,"(-0.0343,0.9750,-0.1820,-0.1229)",1,0.5847715,3.724068,5.420025,"(-0.7701,-0.5836,0.0509,0.2527)",-1,-1,-1,-1,-1,1,-1.034078,3.812977,5.514759,"(0.8452,-0.4933,-0.1964,0.0609)",-1,-1,-1,-1,-1
1,{},10.87343,130,1,0.591554,1.672119,6.753067,"(-0.0331,0.9796,-0.1619,-0.1148)",1,0.5916238,3.716109,5.373335,"(-0.8094,-0.5312,0.0709,0.2402)",-1,-1,-1,-1,-1,1,-1.093071,3.833858,5.536983,"(0.8601,-0.4487,-0.2393,0.0395)",-1,-1,-1,-1,-1
1,{},10.91785,131,1,0.5937262,1.675712,6.755376,"(-0.0305,0.9830,-0.1462,-0.1072)",1,0.5937399,3.71833,5.366332,"(-0.8262,-0.5072,0.0852,0.2301)",-1,-1,-1,-1,-1,1,-1.140349,3.82874,5.549159,"(0.8610,-0.4306,-0.2672,0.0435)",-1,-1,-1,-1,-1
1,{},10.95988,132,1,0.5959613,1.679071,6.75802,"(-0.0280,0.9857,-0.1310,-0.1023)",1,0.5700231,3.683735,5.36772,"(-0.8316,-0.4902,0.1234,0.2303)",-1,-1,-1,-1,-1,1,-1.186941,3.803852,5.553243,"(0.8519,-0.4294,-0.2936,0.0609)",-1,-1,-1,-1,-1
1,{},11.00453,133,1,0.5984841,1.683412,6.760042,"(-0.0250,0.9887,-0.1114,-0.0969)",1,0.5681832,3.672773,5.37887,"(-0.8215,-0.5057,0.1025,0.2425)",-1,-1,-1,-1,-1,1,-1.198034,3.784496,5.54661,"(0.8538,-0.4258,-0.2915,0.0697)",-1,-1,-1,-1,-1
1,{},11.05369,134,1,0.6016924,1.688692,6.762066,"(-0.0225,0.9922,-0.0858,-0.0870)",1,0.5262309,3.641561,5.393488,"(-0.7875,-0.5456,0.1035,0.2672)",-1,-1,-1,-1,-1,1,-1.202718,3.76157,5.537237,"(0.8566,-0.4232,-0.2862,0.0728)",-1,-1,-1,-1,-1
1,{},11.09787,135,1,0.6048452,1.694077,6.764241,"(-0.0212,0.9954,-0.0580,-0.0726)",1,0.4887877,3.60445,5.395594,"(-0.7681,-0.5668,0.1143,0.2753)",-1,-1,-1,-1,-1,1,-1.200176,3.744544,5.52852,"(0.8512,-0.4322,-0.2878,0.0771)",-1,-1,-1,-1,-1
1,{},11.13815,136,1,0.6085765,1.698978,6.766814,"(-0.0207,0.9976,-0.0320,-0.0570)",1,0.4642829,3.561931,5.383026,"(-0.7744,-0.5610,0.1320,0.2611)",-1,-1,-1,-1,-1,1,-1.18886,3.732706,5.507665,"(0.8535,-0.4380,-0.2744,0.0668)",-1,-1,-1,-1,-1
1,{},11.25247,137,1,0.609639,1.70066,6.767569,"(-0.0202,0.9981,-0.0236,-0.0529)",1,0.4561366,3.551401,5.379802,"(-0.7759,-0.5592,0.1370,0.2578)",-1,-1,-1,-1,-1,1,-1.190922,3.728568,5.503389,"(0.8515,-0.4409,-0.2753,0.0692)",-1,-1,-1,-1,-1
1,{},11.29544,138,1,0.6193939,1.709174,6.773272,"(-0.0231,0.9995,0.0225,0.0036)",1,0.4244441,3.511626,5.365541,"(-0.7679,-0.5722,0.1535,0.2436)",-1,-1,-1,-1,-1,1,-1.18865,3.715513,5.486579,"(0.8367,-0.4648,-0.2786,0.0794)",-1,-1,-1,-1,-1
1,{},11.35742,139,1,0.6293172,1.716491,6.78161,"(-0.0369,0.9948,0.0660,0.0684)",1,0.3588439,3.457538,5.375266,"(-0.7425,-0.5845,0.1616,0.2844)",-1,-1,-1,-1,-1,1,-1.222172,3.650878,5.435025,"(0.8296,-0.4727,-0.2767,0.1084)",-1,-1,-1,-1,-1
1,{},11.3941,140,1,0.6316745,1.717471,6.783804,"(-0.0398,0.9930,0.0725,0.0838)",1,0.3149151,3.423505,5.371927,"(-0.7207,-0.5963,0.1862,0.3005)",-1,-1,-1,-1,-1,1,-1.236897,3.629473,5.412231,"(0.8156,-0.4896,-0.2801,0.1289)",-1,-1,-1,-1,-1
1,{},11.43622,141,1,0.6357523,1.718124,6.787937,"(-0.0436,0.9898,0.0750,0.1131)",1,0.2837167,3.388115,5.353851,"(-0.6985,-0.6204,0.1958,0.2982)",-1,-1,-1,-1,-1,1,-1.243744,3.60639,5.38236,"(0.8062,-0.5034,-0.2692,0.1553)",-1,-1,-1,-1,-1
1,{},11.47717,142,1,0.6392688,1.718954,6.790747,"(-0.0402,0.9868,0.0803,0.1349)",1,0.2669695,3.372528,5.344063,"(-0.6875,-0.6340,0.1954,0.2953)",-1,-1,-1,-1,-1,1,-1.250835,3.578058,5.365301,"(0.7715,-0.5424,-0.2672,0.1978)",-1,-1,-1,-1,-1
1,{},11.51932,143,1,0.6436882,1.720088,6.793127,"(-0.0368,0.9823,0.0885,0.1612)",1,0.2332834,3.37077,5.357233,"(-0.6384,-0.6747,0.1858,0.3205)",-1,-1,-1,-1,-1,1,-1.230757,3.520598,5.32063,"(0.7469,-0.5835,-0.2164,0.2341)",-1,-1,-1,-1,-1
1,{},11.56116,144,1,0.6550065,1.720679,6.779784,"(-0.0365,0.9769,0.0937,0.1888)",1,0.2228074,3.379505,5.358398,"(-0.6273,-0.6710,0.1841,0.3498)",-1,-1,-1,-1,-1,1,-1.203324,3.451111,5.27143,"(0.7457,-0.5915,-0.1593,0.2621)",-1,-1,-1,-1,-1
1,{},11.60218,145,1,0.6902895,1.720821,6.720383,"(-0.0354,0.9721,0.0933,0.2122)",1,0.2573689,3.381877,5.284636,"(-0.6342,-0.6696,0.1749,0.3447)",-1,-1,-1,-1,-1,1,-1.185424,3.428458,5.208497,"(0.7720,-0.5508,-0.1685,0.2687)",-1,-1,-1,-1,-1
1,{},11.66111,146,1,0.7494472,1.721111,6.62678,"(-0.0316,0.9667,0.0945,0.2356)",1,0.3114588,3.377985,5.174174,"(-0.6413,-0.6672,0.1759,0.3355)",-1,-1,-1,-1,-1,1,-1.132736,3.438354,5.104955,"(0.7818,-0.5429,-0.1687,0.2563)",-1,-1,-1,-1,-1
1,{},11.70055,147,1,0.784532,1.721028,6.572178,"(-0.0297,0.9638,0.0934,0.2480)",1,0.3439307,3.379519,5.10583,"(-0.6515,-0.6589,0.1815,0.3295)",-1,-1,-1,-1,-1,1,-1.122881,3.496044,5.063117,"(0.7731,-0.5528,-0.2010,0.2373)",-1,-1,-1,-1,-1
1,{},11.74207,148,1,0.7935082,1.720496,6.556616,"(-0.0263,0.9627,0.0920,0.2531)",1,0.3503207,3.378159,5.082479,"(-0.6554,-0.6572,0.1838,0.3236)",-1,-1,-1,-1,-1,1,-1.126062,3.510201,5.051031,"(0.7737,-0.5505,-0.2094,0.2335)",-1,-1,-1,-1,-1
1,{},11.78472,149,1,0.7949115,1.720496,6.556861,"(-0.0246,0.9619,0.0912,0.2567)",1,0.3468861,3.381011,5.08319,"(-0.6565,-0.6545,0.1846,0.3265)",-1,-1,-1,-1,-1,1,-1.128797,3.507715,5.057346,"(0.7732,-0.5487,-0.2107,0.2381)",-1,-1,-1,-1,-1
1,{},11.82634,150,1,0.7959222,1.72026,6.556625,"(-0.0235,0.9620,0.0901,0.2568)",1,0.3440849,3.381362,5.081853,"(-0.6561,-0.6552,0.1846,0.3257)",-1,-1,-1,-1,-1,1,-1.130467,3.505374,5.060393,"(0.7702,-0.5510,-0.2101,0.2431)",-1,-1,-1,-1,-1
1,{},11.86933,151,1,0.7967935,1.72033,6.556453,"(-0.0242,0.9617,0.0909,0.2576)",1,0.3407256,3.380506,5.082252,"(-0.6550,-0.6567,0.1847,0.3250)",-1,-1,-1,-1,-1,1,-1.122604,3.504302,5.060125,"(0.7737,-0.5484,-0.2045,0.2425)",-1,-1,-1,-1,-1
1,{},11.91071,152,1,0.7979506,1.719735,6.556393,"(-0.0202,0.9613,0.0889,0.2599)",1,0.335815,3.380222,5.083144,"(-0.6530,-0.6581,0.1864,0.3250)",-1,-1,-1,-1,-1,1,-1.118399,3.509294,5.060252,"(0.7747,-0.5485,-0.2022,0.2410)",-1,-1,-1,-1,-1
1,{},11.96522,153,1,0.7993475,1.719173,6.556429,"(-0.0194,0.9600,0.0851,0.2659)",1,0.3322897,3.37899,5.083493,"(-0.6507,-0.6606,0.1867,0.3246)",-1,-1,-1,-1,-1,1,-1.113837,3.516356,5.060924,"(0.7728,-0.5524,-0.2019,0.2385)",-1,-1,-1,-1,-1
1,{},12.0051,154,1,0.8002857,1.7187,6.556547,"(-0.0179,0.9593,0.0826,0.2695)",1,0.3277782,3.378247,5.082495,"(-0.6497,-0.6610,0.1901,0.3238)",-1,-1,-1,-1,-1,1,-1.106016,3.534553,5.061744,"(0.7770,-0.5529,-0.2033,0.2222)",-1,-1,-1,-1,-1
1,{},12.04688,155,1,0.8008687,1.718841,6.556561,"(-0.0173,0.9588,0.0821,0.2715)",1,0.3282004,3.379872,5.080981,"(-0.6502,-0.6610,0.1889,0.3235)",-1,-1,-1,-1,-1,1,-1.102598,3.539416,5.062289,"(0.7796,-0.5520,-0.2030,0.2152)",-1,-1,-1,-1,-1
1,{},12.08868,156,1,0.8012662,1.718727,6.556541,"(-0.0167,0.9590,0.0826,0.2706)",1,0.3276972,3.380051,5.080402,"(-0.6508,-0.6607,0.1887,0.3230)",-1,-1,-1,-1,-1,1,-1.111378,3.529546,5.063092,"(0.7751,-0.5530,-0.2039,0.2277)",-1,-1,-1,-1,-1
1,{},12.12996,157,1,0.8012865,1.718898,6.556582,"(-0.0162,0.9594,0.0836,0.2688)",1,0.3268994,3.378462,5.079494,"(-0.6504,-0.6612,0.1895,0.3223)",-1,-1,-1,-1,-1,1,-1.113904,3.526719,5.063664,"(0.7751,-0.5518,-0.2036,0.2307)",-1,-1,-1,-1,-1
1,{},12.17168,158,1,0.8010424,1.719172,6.556716,"(-0.0152,0.9600,0.0848,0.2666)",1,0.3268284,3.377382,5.078886,"(-0.6506,-0.6611,0.1898,0.3219)",-1,-1,-1,-1,-1,1,-1.11917,3.522173,5.065687,"(0.7733,-0.5510,-0.2045,0.2379)",-1,-1,-1,-1,-1
1,{},12.21311,159,1,0.8009117,1.719295,6.556928,"(-0.0154,0.9602,0.0853,0.2657)",1,0.327127,3.375872,5.077836,"(-0.6503,-0.6614,0.1906,0.3213)",-1,-1,-1,-1,-1,1,-1.122839,3.516531,5.066985,"(0.7706,-0.5513,-0.2036,0.2467)",-1,-1,-1,-1,-1
1,{},12.25461,160,1,0.8006883,1.71935,6.557132,"(-0.0162,0.9603,0.0858,0.2648)",1,0.3272573,3.374571,5.076762,"(-0.6499,-0.6622,0.1906,0.3206)",-1,-1,-1,-1,-1,1,-1.123471,3.519139,5.068125,"(0.7703,-0.5511,-0.2062,0.2457)",-1,-1,-1,-1,-1
1,{},12.29583,161,1,0.8003826,1.719401,6.557324,"(-0.0166,0.9606,0.0850,0.2640)",1,0.3274612,3.374406,5.076873,"(-0.6498,-0.6621,0.1906,0.3210)",-1,-1,-1,-1,-1,1,-1.119542,3.520456,5.06658,"(0.7706,-0.5521,-0.2046,0.2440)",-1,-1,-1,-1,-1
1,{},12.33773,162,1,0.7999729,1.719488,6.557301,"(-0.0159,0.9607,0.0862,0.2632)",1,0.3280584,3.373867,5.07703,"(-0.6496,-0.6624,0.1906,0.3209)",-1,-1,-1,-1,-1,1,-1.116728,3.52158,5.067296,"(0.7700,-0.5529,-0.2049,0.2436)",-1,-1,-1,-1,-1
1,{},12.394,163,1,0.7998355,1.719595,6.557211,"(-0.0175,0.9608,0.0867,0.2629)",1,0.3285237,3.373671,5.076866,"(-0.6498,-0.6623,0.1905,0.3207)",-1,-1,-1,-1,-1,1,-1.115887,3.521483,5.067115,"(0.7702,-0.5528,-0.2052,0.2431)",-1,-1,-1,-1,-1
1,{},12.43525,164,1,0.7993259,1.719658,6.557199,"(-0.0181,0.9614,0.0853,0.2610)",1,0.3280295,3.370753,5.076772,"(-0.6487,-0.6634,0.1926,0.3195)",-1,-1,-1,-1,-1,1,-1.111913,3.521208,5.066937,"(0.7688,-0.5553,-0.2040,0.2428)",-1,-1,-1,-1,-1
1,{},12.50762,165,1,0.7990596,1.719729,6.557374,"(-0.0189,0.9612,0.0864,0.2613)",1,0.3288402,3.368673,5.074963,"(-0.6483,-0.6641,0.1943,0.3177)",-1,-1,-1,-1,-1,1,-1.110435,3.521514,5.06705,"(0.7682,-0.5559,-0.2042,0.2433)",-1,-1,-1,-1,-1
1,{},12.6195,166,1,0.79893,1.719688,6.557433,"(-0.0183,0.9612,0.0865,0.2612)",1,0.3300788,3.369821,5.07513,"(-0.6494,-0.6633,0.1932,0.3178)",-1,-1,-1,-1,-1,1,-1.109694,3.520836,5.06704,"(0.7696,-0.5543,-0.2032,0.2431)",-1,-1,-1,-1,-1
1,{},12.70956,167,1,0.798984,1.719695,6.557415,"(-0.0184,0.9613,0.0863,0.2611)",1,0.330086,3.369869,5.075117,"(-0.6492,-0.6636,0.1930,0.3177)",-1,-1,-1,-1,-1,1,-1.109704,3.521088,5.066908,"(0.7693,-0.5548,-0.2033,0.2431)",-1,-1,-1,-1,-1
1,{},12.74745,168,1,0.7983738,1.719317,6.55595,"(-0.0200,0.9632,0.0826,0.2549)",1,0.3293453,3.369161,5.07701,"(-0.6490,-0.6639,0.1930,0.3174)",-1,-1,-1,-1,-1,1,-1.106101,3.520741,5.066998,"(0.7664,-0.5598,-0.2021,0.2415)",-1,-1,-1,-1,-1
1,{},12.81746,169,1,0.7971849,1.719034,6.55493,"(-0.0218,0.9653,0.0804,0.2476)",1,0.3297303,3.37059,5.081035,"(-0.6491,-0.6640,0.1934,0.3169)",-1,-1,-1,-1,-1,1,-1.107323,3.522652,5.071791,"(0.7632,-0.5638,-0.2033,0.2417)",-1,-1,-1,-1,-1
1,{},12.85675,170,1,0.7927634,1.71873,6.552222,"(-0.0227,0.9709,0.0777,0.2254)",1,0.3309221,3.371248,5.084376,"(-0.6488,-0.6643,0.1933,0.3168)",-1,-1,-1,-1,-1,1,-1.10528,3.524355,5.07629,"(0.7638,-0.5625,-0.2044,0.2417)",-1,-1,-1,-1,-1
1,{},12.92524,171,1,0.787145,1.717806,6.549181,"(-0.0223,0.9791,0.0725,0.1888)",1,0.3385076,3.372828,5.096742,"(-0.6489,-0.6641,0.1931,0.3171)",-1,-1,-1,-1,-1,1,-1.102127,3.53171,5.090239,"(0.7737,-0.5487,-0.2103,0.2369)",-1,-1,-1,-1,-1
1,{},12.95969,172,1,0.767862,1.714086,6.541276,"(-0.0136,0.9961,0.0502,0.0710)",1,0.3689555,3.383788,5.147757,"(-0.6482,-0.6650,0.1924,0.3172)",-1,-1,-1,-1,-1,1,-1.060742,3.565837,5.135769,"(0.7699,-0.5613,-0.2146,0.2147)",-1,-1,-1,-1,-1
1,{},12.99525,173,1,0.7603867,1.711891,6.539755,"(-0.0057,0.9990,0.0375,0.0250)",1,0.3825512,3.391417,5.162993,"(-0.6480,-0.6650,0.1928,0.3172)",-1,-1,-1,-1,-1,1,-1.05389,3.561491,5.152971,"(0.7684,-0.5581,-0.2130,0.2296)",-1,-1,-1,-1,-1
1,{},13.04417,174,1,0.7551692,1.710285,6.540055,"(-0.0018,0.9997,0.0246,-0.0083)",1,0.3871069,3.392982,5.169667,"(-0.6479,-0.6651,0.1929,0.3172)",-1,-1,-1,-1,-1,1,-1.049613,3.56394,5.160022,"(0.7683,-0.5580,-0.2135,0.2298)",-1,-1,-1,-1,-1
1,{},13.09146,175,1,0.7316765,1.703275,6.541556,"(0.0129,0.9864,-0.0249,-0.1618)",1,0.4326871,3.414291,5.204517,"(-0.6481,-0.6651,0.1936,0.3165)",-1,-1,-1,-1,-1,1,-1.00888,3.578865,5.192026,"(0.7677,-0.5591,-0.2097,0.2325)",-1,-1,-1,-1,-1
1,{},13.13579,176,1,0.725127,1.700443,6.543394,"(0.0148,0.9785,-0.0412,-0.2016)",1,0.4524549,3.419612,5.21455,"(-0.6480,-0.6652,0.1944,0.3160)",-1,-1,-1,-1,-1,1,-0.9990292,3.580261,5.203245,"(0.7673,-0.5568,-0.2139,0.2355)",-1,-1,-1,-1,-1
1,{},13.17629,177,1,0.7191039,1.698206,6.544739,"(0.0160,0.9695,-0.0557,-0.2380)",1,0.4726757,3.429816,5.218768,"(-0.6489,-0.6644,0.1950,0.3153)",-1,-1,-1,-1,-1,1,-0.98437,3.583902,5.20507,"(0.7808,-0.5418,-0.2109,0.2287)",-1,-1,-1,-1,-1
1,{},13.21795,178,1,0.7151287,1.69553,6.54643,"(0.0148,0.9640,-0.0694,-0.2562)",1,0.4833185,3.435685,5.219904,"(-0.6478,-0.6653,0.1960,0.3151)",-1,-1,-1,-1,-1,1,-0.97203,3.593878,5.204034,"(0.7811,-0.5429,-0.2111,0.2250)",-1,-1,-1,-1,-1
1,{},13.26227,179,1,0.713111,1.694184,6.548027,"(-0.0215,0.7859,-0.0755,-0.6134)",1,-0.3837722,3.439997,5.765278,"(-0.5238,-0.4950,0.4291,0.5445)",-1,-1,-1,-1,-1,1,-1.429204,3.598715,6.788903,"(0.6407,-0.4138,-0.4992,0.4112)",-1,-1,-1,-1,-1
1,{},13.30129,180,1,0.7123714,1.694011,6.548346,"(-0.0246,0.7874,-0.0733,-0.6116)",1,-0.3780079,3.442089,5.760618,"(-0.5246,-0.4949,0.4300,0.5431)",-1,-1,-1,-1,-1,1,-1.427629,3.596772,6.784663,"(0.6433,-0.4117,-0.4971,0.4118)",-1,-1,-1,-1,-1
1,{},13.34251,181,1,0.7103125,1.692719,6.550268,"(-0.0325,0.7823,-0.0746,-0.6176)",1,-0.3725602,3.444674,5.755342,"(-0.5252,-0.4951,0.4311,0.5415)",-1,-1,-1,-1,-1,1,-1.425314,3.594717,6.774964,"(0.6386,-0.4227,-0.4879,0.4189)",-1,-1,-1,-1,-1
1,{},13.38376,182,1,0.7090784,1.692046,6.551417,"(-0.0382,0.7824,-0.0742,-0.6172)",1,-0.3691711,3.445695,5.752413,"(-0.5251,-0.4956,0.4312,0.5410)",-1,-1,-1,-1,-1,1,-1.42499,3.591436,6.770512,"(0.6221,-0.4402,-0.4797,0.4349)",-1,-1,-1,-1,-1
1,{},13.42555,183,1,0.7083449,1.691503,6.5516,"(-0.0434,0.7822,-0.0751,-0.6170)",1,-0.3665857,3.44798,5.751963,"(-0.5243,-0.4958,0.4310,0.5417)",-1,-1,-1,-1,-1,1,-1.425113,3.595194,6.770765,"(0.6255,-0.4333,-0.4888,0.4266)",-1,-1,-1,-1,-1
1,{},13.46721,184,1,0.7074474,1.690862,6.552197,"(-0.0475,0.7826,-0.0749,-0.6162)",1,-0.3636505,3.449542,5.749653,"(-0.5243,-0.4961,0.4307,0.5418)",-1,-1,-1,-1,-1,1,-1.427989,3.593174,6.764893,"(0.6298,-0.4342,-0.4848,0.4240)",-1,-1,-1,-1,-1
1,{},13.50935,185,1,0.7069268,1.690266,6.552617,"(-0.0519,0.7831,-0.0767,-0.6149)",1,-0.3614371,3.452871,5.745597,"(-0.5250,-0.4956,0.4310,0.5413)",-1,-1,-1,-1,-1,1,-1.432824,3.595675,6.767462,"(0.6253,-0.4370,-0.4874,0.4248)",-1,-1,-1,-1,-1
1,{},13.59792,186,1,0.7066972,1.689727,6.553098,"(-0.0541,0.7819,-0.0780,-0.6161)",1,-0.3594802,3.453309,5.74337,"(-0.5258,-0.4954,0.4309,0.5408)",-1,-1,-1,-1,-1,1,-1.434376,3.592653,6.768319,"(0.6291,-0.4324,-0.4883,0.4229)",-1,-1,-1,-1,-1
1,{},13.63805,187,1,0.7053053,1.688307,6.554505,"(-0.0614,0.7784,-0.0829,-0.6193)",1,-0.3539403,3.457705,5.733673,"(-0.5314,-0.4899,0.4376,0.5349)",-1,-1,-1,-1,-1,1,-1.44553,3.590963,6.776954,"(0.6386,-0.4165,-0.4977,0.4135)",-1,-1,-1,-1,-1
1,{},13.67932,188,1,0.704859,1.687525,6.55499,"(-0.0639,0.7758,-0.0847,-0.6220)",1,-0.3499864,3.462156,5.727504,"(-0.5366,-0.4825,0.4447,0.5306)",-1,-1,-1,-1,-1,1,-1.446864,3.59271,6.77284,"(0.6451,-0.4142,-0.4953,0.4085)",-1,-1,-1,-1,-1
1,{},13.72136,189,1,0.7229348,1.686801,6.535269,"(-0.0670,0.7740,-0.0872,-0.6235)",1,-0.3293875,3.465022,5.705571,"(-0.5351,-0.4881,0.4409,0.5301)",-1,-1,-1,-1,-1,1,-1.426846,3.595699,6.756533,"(0.6344,-0.4201,-0.4980,0.4159)",-1,-1,-1,-1,-1
1,{},13.76703,190,1,0.7778313,1.686094,6.471283,"(-0.0692,0.7707,-0.0888,-0.6272)",1,-0.2678769,3.467833,5.642592,"(-0.5351,-0.4864,0.4408,0.5317)",-1,-1,-1,-1,-1,1,-1.369947,3.593467,6.690847,"(0.6391,-0.4156,-0.4981,0.4132)",-1,-1,-1,-1,-1
1,{},13.82974,191,1,0.7841131,1.684888,6.323287,"(-0.1039,0.4696,-0.0578,-0.8748)",1,-0.5383751,3.468776,6.474846,"(-0.3245,-0.2462,0.6115,0.6783)",-1,-1,-1,-1,-1,1,-0.5800238,3.593949,7.992803,"(0.3992,-0.2296,-0.7001,0.5456)",-1,-1,-1,-1,-1
1,{},13.90378,192,1,0.8011025,1.683791,6.158779,"(-0.1095,0.4675,-0.0611,-0.8751)",1,-0.5166521,3.471983,6.309804,"(-0.3214,-0.2480,0.6081,0.6822)",-1,-1,-1,-1,-1,1,-0.5654126,3.594224,7.825105,"(0.3906,-0.2391,-0.6879,0.5631)",-1,-1,-1,-1,-1
1,{},13.94456,193,1,0.8291165,1.681769,6.093981,"(-0.1177,0.4612,-0.0649,-0.8770)",1,-0.4808484,3.478885,6.239139,"(-0.3188,-0.2470,0.6074,0.6844)",-1,-1,-1,-1,-1,1,-0.536575,3.600955,7.744102,"(0.3953,-0.2403,-0.6899,0.5568)",-1,-1,-1,-1,-1
1,{},13.98516,194,1,0.8756756,1.681061,6.053229,"(-0.1212,0.4580,-0.0662,-0.8782)",1,-0.4316558,3.482538,6.195282,"(-0.3181,-0.2483,0.6057,0.6858)",-1,-1,-1,-1,-1,1,-0.4876773,3.605834,7.702384,"(0.3917,-0.2418,-0.6897,0.5590)",-1,-1,-1,-1,-1
1,{},14.02343,195,1,0.9283072,1.680762,6.011697,"(-0.1228,0.4559,-0.0671,-0.8790)",1,-0.3781625,3.482789,6.152379,"(-0.3176,-0.2483,0.6062,0.6855)",-1,-1,-1,-1,-1,1,-0.4327064,3.606126,7.659184,"(0.3926,-0.2400,-0.6908,0.5577)",-1,-1,-1,-1,-1
1,{},14.06002,196,1,0.9873585,1.680391,5.96527,"(-0.1241,0.4546,-0.0666,-0.8795)",1,-0.3184953,3.483208,6.104695,"(-0.3168,-0.2490,0.6065,0.6854)",-1,-1,-1,-1,-1,1,-0.3731135,3.606557,7.613223,"(0.3924,-0.2390,-0.6915,0.5574)",-1,-1,-1,-1,-1
1,{},14.16978,197,1,1.184948,1.679736,5.809666,"(-0.1271,0.4518,-0.0668,-0.8805)",1,-0.1209837,3.484769,5.946844,"(-0.3172,-0.2491,0.6062,0.6855)",-1,-1,-1,-1,-1,1,-0.1742558,3.606582,7.459861,"(0.3918,-0.2355,-0.6943,0.5558)",-1,-1,-1,-1,-1
1,{},14.22444,198,1,1.28633,1.678874,5.729653,"(-0.1311,0.4490,-0.0668,-0.8813)",1,-0.01972365,3.488004,5.861454,"(-0.3168,-0.2492,0.6065,0.6854)",-1,-1,-1,-1,-1,1,-0.07221794,3.609885,7.374228,"(0.3956,-0.2320,-0.6966,0.5518)",-1,-1,-1,-1,-1
1,{},14.33195,199,1,1.490418,1.678809,5.565307,"(-0.1320,0.4479,-0.0664,-0.8818)",1,0.1837826,3.488829,5.69485,"(-0.3169,-0.2497,0.6065,0.6852)",-1,-1,-1,-1,-1,1,0.133005,3.613355,7.20579,"(0.3941,-0.2339,-0.6961,0.5527)",-1,-1,-1,-1,-1
1,{},14.36602,200,1,1.559591,1.678157,5.510194,"(-0.1354,0.4462,-0.0665,-0.8821)",1,0.2539276,3.489418,5.636431,"(-0.3162,-0.2504,0.6066,0.6851)",-1,-1,-1,-1,-1,1,0.2005228,3.612288,7.139367,"(0.3940,-0.2377,-0.6897,0.5591)",-1,-1,-1,-1,-1
1,{},14.42112,201,1,1.665475,1.67746,5.422699,"(-0.1386,0.4458,-0.0672,-0.8818)",1,0.3604952,3.490868,5.548321,"(-0.3161,-0.2504,0.6065,0.6853)",-1,-1,-1,-1,-1,1,0.3067354,3.614478,7.049431,"(0.3956,-0.2379,-0.6901,0.5574)",-1,-1,-1,-1,-1
1,{},14.461,202,1,1.742407,1.677228,5.358817,"(-0.1395,0.4451,-0.0679,-0.8820)",1,0.4378978,3.492283,5.483835,"(-0.3156,-0.2507,0.6067,0.6852)",-1,-1,-1,-1,-1,1,0.3845932,3.616527,6.984384,"(0.3950,-0.2387,-0.6891,0.5587)",-1,-1,-1,-1,-1
1,{},14.50247,203,1,1.82189,1.67713,5.292613,"(-0.1399,0.4446,-0.0677,-0.8821)",1,0.5180086,3.492759,5.416851,"(-0.3157,-0.2509,0.6066,0.6851)",-1,-1,-1,-1,-1,1,0.4652917,3.616849,6.917878,"(0.3947,-0.2384,-0.6896,0.5584)",-1,-1,-1,-1,-1
1,{},14.549,204,1,1.91066,1.677199,5.218588,"(-0.1397,0.4450,-0.0675,-0.8820)",1,0.6081669,3.492356,5.341969,"(-0.3153,-0.2508,0.6071,0.6850)",-1,-1,-1,-1,-1,1,0.5547608,3.616463,6.843278,"(0.3942,-0.2389,-0.6889,0.5595)",-1,-1,-1,-1,-1
1,{},14.59066,205,1,1.990582,1.67708,5.151945,"(-0.1409,0.4450,-0.0692,-0.8817)",1,0.6882112,3.492779,5.275228,"(-0.3153,-0.2514,0.6065,0.6852)",-1,-1,-1,-1,-1,1,0.6342673,3.61647,6.776031,"(0.3946,-0.2388,-0.6887,0.5594)",-1,-1,-1,-1,-1
1,{},14.65107,206,1,2.106169,1.677017,5.05583,"(-0.1407,0.4463,-0.0688,-0.8811)",1,0.8038976,3.493034,5.179631,"(-0.3152,-0.2514,0.6064,0.6854)",-1,-1,-1,-1,-1,1,0.7495459,3.616218,6.680026,"(0.3951,-0.2386,-0.6887,0.5592)",-1,-1,-1,-1,-1
1,{},14.69026,207,1,2.182284,1.677013,4.992747,"(-0.1397,0.4468,-0.0685,-0.8810)",1,0.8789606,3.493815,5.117805,"(-0.3152,-0.2514,0.6068,0.6850)",-1,-1,-1,-1,-1,1,0.8248415,3.616783,6.617879,"(0.3946,-0.2393,-0.6880,0.5602)",-1,-1,-1,-1,-1
1,{},14.73545,208,1,2.269415,1.677203,4.920928,"(-0.1395,0.4470,-0.0682,-0.8810)",1,0.9658787,3.493379,5.047056,"(-0.3149,-0.2516,0.6068,0.6851)",-1,-1,-1,-1,-1,1,0.9118268,3.616488,6.5468,"(0.3949,-0.2389,-0.6883,0.5597)",-1,-1,-1,-1,-1
1,{},14.77499,209,1,2.3461,1.677386,4.857763,"(-0.1392,0.4471,-0.0685,-0.8809)",1,1.042646,3.492923,4.984936,"(-0.3147,-0.2516,0.6065,0.6854)",-1,-1,-1,-1,-1,1,0.9881439,3.616309,6.484443,"(0.3942,-0.2395,-0.6881,0.5601)",-1,-1,-1,-1,-1
1,{},14.8167,210,1,2.426601,1.677642,4.791621,"(-0.1383,0.4474,-0.0672,-0.8810)",1,1.123088,3.491715,4.918953,"(-0.3147,-0.2517,0.6064,0.6855)",-1,-1,-1,-1,-1,1,1.068668,3.614553,6.417941,"(0.3948,-0.2393,-0.6878,0.5602)",-1,-1,-1,-1,-1
1,{},14.85773,211,1,2.506341,1.677643,4.726047,"(-0.1383,0.4478,-0.0678,-0.8808)",1,1.202191,3.491121,4.854248,"(-0.3144,-0.2519,0.6064,0.6856)",-1,-1,-1,-1,-1,1,1.148073,3.613261,6.352361,"(0.3952,-0.2392,-0.6873,0.5606)",-1,-1,-1,-1,-1
1,{},14.89988,212,1,2.587918,1.677564,4.659187,"(-0.1382,0.4481,-0.0674,-0.8806)",1,1.283566,3.491598,4.787325,"(-0.3147,-0.2516,0.6067,0.6853)",-1,-1,-1,-1,-1,1,1.229562,3.613927,6.285244,"(0.3947,-0.2394,-0.6871,0.5611)",-1,-1,-1,-1,-1
1,{},14.93739,213,1,2.660035,1.677589,4.600123,"(-0.1384,0.4481,-0.0671,-0.8806)",1,1.355338,3.491499,4.728379,"(-0.3145,-0.2518,0.6065,0.6854)",-1,-1,-1,-1,-1,1,1.301277,3.614637,6.225654,"(0.3950,-0.2397,-0.6871,0.5607)",-1,-1,-1,-1,-1
1,{},14.98364,214,1,2.749482,1.677626,4.526916,"(-0.1384,0.4480,-0.0668,-0.8807)",1,1.444388,3.491031,4.655268,"(-0.3143,-0.2520,0.6063,0.6856)",-1,-1,-1,-1,-1,1,1.390992,3.61482,6.152695,"(0.3948,-0.2396,-0.6872,0.5608)",-1,-1,-1,-1,-1
1,{},15.05669,215,1,2.856865,1.67772,4.411373,"(-0.1382,0.4478,-0.0664,-0.8809)",1,1.551364,3.49082,4.539386,"(-0.3144,-0.2519,0.6064,0.6856)",-1,-1,-1,-1,-1,1,1.498477,3.614821,6.035936,"(0.3947,-0.2398,-0.6869,0.5612)",-1,-1,-1,-1,-1
1,{},15.11069,216,1,2.856892,1.677881,4.325548,"(-0.1375,0.4480,-0.0663,-0.8809)",1,1.550861,3.489562,4.453537,"(-0.3142,-0.2521,0.6067,0.6853)",-1,-1,-1,-1,-1,1,1.498741,3.613894,5.948854,"(0.3953,-0.2396,-0.6866,0.5612)",-1,-1,-1,-1,-1
1,{},15.16218,217,1,2.856727,1.677863,4.243853,"(-0.1378,0.4508,-0.0659,-0.8794)",1,1.550925,3.489536,4.373056,"(-0.3142,-0.2519,0.6064,0.6856)",-1,-1,-1,-1,-1,1,1.498379,3.614267,5.867252,"(0.3952,-0.2399,-0.6863,0.5615)",-1,-1,-1,-1,-1
1,{},15.27388,218,1,2.856675,1.677837,4.072316,"(-0.1376,0.4519,-0.0659,-0.8789)",1,1.550376,3.488942,4.202636,"(-0.3137,-0.2523,0.6066,0.6855)",-1,-1,-1,-1,-1,1,1.498291,3.614655,5.696338,"(0.3952,-0.2400,-0.6862,0.5615)",-1,-1,-1,-1,-1
1,{},15.30984,219,1,2.856374,1.678189,4.071656,"(-0.1356,0.4533,-0.0664,-0.8785)",1,1.550445,3.487939,4.204622,"(-0.3138,-0.2527,0.6064,0.6855)",-1,-1,-1,-1,-1,1,1.501307,3.615938,5.695476,"(0.3951,-0.2395,-0.6863,0.5618)",-1,-1,-1,-1,-1
1,{},15.41392,220,1,2.856275,1.678237,4.071556,"(-0.1360,0.4536,-0.0663,-0.8783)",1,1.550843,3.487457,4.204708,"(-0.3137,-0.2527,0.6065,0.6855)",-1,-1,-1,-1,-1,1,1.501795,3.615715,5.695381,"(0.3950,-0.2395,-0.6863,0.5618)",-1,-1,-1,-1,-1
1,{},15.45292,221,1,2.856302,1.678161,4.070408,"(-0.1355,0.4567,-0.0670,-0.8767)",1,1.55073,3.489327,4.204799,"(-0.3157,-0.2533,0.6048,0.6858)",-1,-1,-1,-1,-1,1,1.502471,3.615381,5.696545,"(0.3950,-0.2397,-0.6858,0.5623)",-1,-1,-1,-1,-1
1,{},15.48827,222,1,2.856232,1.678266,4.070333,"(-0.1344,0.4572,-0.0667,-0.8766)",1,1.550232,3.486165,4.208353,"(-0.3132,-0.2568,0.6026,0.6876)",-1,-1,-1,-1,-1,1,1.503158,3.615846,5.69618,"(0.3949,-0.2399,-0.6859,0.5622)",-1,-1,-1,-1,-1
1,{},15.54373,223,1,2.856191,1.678438,4.069997,"(-0.1343,0.4584,-0.0664,-0.8760)",1,1.552345,3.486347,4.209484,"(-0.3132,-0.2582,0.5987,0.6905)",-1,-1,-1,-1,-1,1,1.503264,3.616478,5.696536,"(0.3948,-0.2401,-0.6859,0.5621)",-1,-1,-1,-1,-1
1,{},15.59955,224,1,2.856183,1.678908,4.070149,"(-0.1329,0.4578,-0.0654,-0.8766)",1,1.551006,3.485204,4.209336,"(-0.3136,-0.2571,0.6011,0.6886)",-1,-1,-1,-1,-1,1,1.50313,3.614623,5.696622,"(0.3949,-0.2397,-0.6858,0.5623)",-1,-1,-1,-1,-1
1,{},15.65475,225,1,2.856344,1.678986,4.070159,"(-0.1325,0.4580,-0.0656,-0.8766)",1,1.550327,3.484142,4.209129,"(-0.3134,-0.2576,0.6019,0.6878)",-1,-1,-1,-1,-1,1,1.503098,3.613148,5.696157,"(0.3950,-0.2397,-0.6854,0.5629)",-1,-1,-1,-1,-1
1,{},15.71055,226,1,2.856527,1.678699,4.069881,"(-0.1341,0.4589,-0.0650,-0.8759)",1,1.55329,3.486714,4.212407,"(-0.3123,-0.2573,0.5971,0.6926)",-1,-1,-1,-1,-1,1,1.501865,3.615633,5.694731,"(0.3952,-0.2406,-0.6850,0.5627)",-1,-1,-1,-1,-1
1,{},15.77303,227,1,2.746604,1.678867,4.18011,"(-0.1327,0.4585,-0.0646,-0.8764)",1,1.444482,3.487561,4.323617,"(-0.3122,-0.2570,0.5959,0.6938)",-1,-1,-1,-1,-1,1,1.391588,3.615937,5.8049,"(0.3953,-0.2410,-0.6848,0.5628)",-1,-1,-1,-1,-1
1,{},15.82842,228,1,2.651508,1.678949,4.280742,"(-0.1325,0.4587,-0.0652,-0.8763)",1,1.355716,3.487506,4.428393,"(-0.3100,-0.2557,0.5897,0.7005)",-1,-1,-1,-1,-1,1,1.297927,3.614774,5.905091,"(0.3952,-0.2405,-0.6846,0.5633)",-1,-1,-1,-1,-1
1,{},15.91904,229,1,2.499066,1.678833,4.447576,"(-0.1324,0.4591,-0.0657,-0.8760)",1,1.201533,3.486056,4.59422,"(-0.3104,-0.2571,0.5904,0.6993)",-1,-1,-1,-1,-1,1,1.146825,3.615007,6.072174,"(0.3947,-0.2404,-0.6849,0.5633)",-1,-1,-1,-1,-1
1,{},15.95736,230,1,2.43318,1.678588,4.519106,"(-0.1330,0.4596,-0.0662,-0.8756)",1,1.136301,3.486805,4.665854,"(-0.3108,-0.2558,0.5921,0.6982)",-1,-1,-1,-1,-1,1,1.081095,3.614878,6.143523,"(0.3957,-0.2401,-0.6846,0.5631)",-1,-1,-1,-1,-1
1,{},15.99996,231,1,2.361601,1.678449,4.597307,"(-0.1331,0.4598,-0.0665,-0.8754)",1,1.064376,3.486843,4.744191,"(-0.3105,-0.2566,0.5919,0.6981)",-1,-1,-1,-1,-1,1,1.009943,3.616186,6.221256,"(0.3955,-0.2404,-0.6847,0.5630)",-1,-1,-1,-1,-1
1,{},16.05543,232,1,2.267646,1.678515,4.700202,"(-0.1333,0.4594,-0.0672,-0.8756)",1,0.9709784,3.487466,4.846845,"(-0.3110,-0.2560,0.5923,0.6978)",-1,-1,-1,-1,-1,1,0.9168907,3.616858,6.324656,"(0.3946,-0.2402,-0.6843,0.5642)",-1,-1,-1,-1,-1
1,{},16.11191,233,1,2.172457,1.678749,4.804093,"(-0.1323,0.4599,-0.0662,-0.8756)",1,0.8744916,3.485392,4.949675,"(-0.3109,-0.2570,0.5932,0.6967)",-1,-1,-1,-1,-1,1,0.822585,3.61601,6.427669,"(0.3957,-0.2396,-0.6848,0.5631)",-1,-1,-1,-1,-1
1,{},16.16672,234,1,2.079995,1.678606,4.904847,"(-0.1335,0.4601,-0.0677,-0.8751)",1,0.7838593,3.485756,5.050268,"(-0.3112,-0.2558,0.5932,0.6970)",-1,-1,-1,-1,-1,1,0.7310865,3.615878,6.527668,"(0.3953,-0.2403,-0.6841,0.5640)",-1,-1,-1,-1,-1
1,{},16.22241,235,1,1.985454,1.678559,5.007641,"(-0.1330,0.4609,-0.0672,-0.8748)",1,0.6871556,3.486428,5.153972,"(-0.3111,-0.2566,0.5927,0.6972)",-1,-1,-1,-1,-1,1,0.6356738,3.617217,6.630973,"(0.3959,-0.2394,-0.6856,0.5621)",-1,-1,-1,-1,-1
1,{},16.2779,236,1,1.891754,1.678566,5.109827,"(-0.1320,0.4613,-0.0663,-0.8749)",1,0.592434,3.48691,5.255869,"(-0.3116,-0.2561,0.5933,0.6967)",-1,-1,-1,-1,-1,1,0.5417306,3.620343,6.732725,"(0.3956,-0.2405,-0.6869,0.5603)",-1,-1,-1,-1,-1
1,{},16.33373,237,1,1.79774,1.678809,5.212583,"(-0.1320,0.4606,-0.0666,-0.8752)",1,0.4977554,3.486112,5.35911,"(-0.3112,-0.2568,0.5923,0.6974)",-1,-1,-1,-1,-1,1,0.4496254,3.633762,6.834071,"(0.3942,-0.2441,-0.6948,0.5498)",-1,-1,-1,-1,-1
1,{},16.38908,238,1,1.704615,1.679006,5.314556,"(-0.1310,0.4599,-0.0652,-0.8759)",1,0.4046504,3.484855,5.461066,"(-0.3109,-0.2565,0.5924,0.6975)",-1,-1,-1,-1,-1,1,0.3592803,3.638363,6.939013,"(0.3914,-0.2439,-0.6990,0.5465)",-1,-1,-1,-1,-1
1,{},16.4454,239,1,1.617045,1.679009,5.412194,"(-0.1318,0.4598,-0.0656,-0.8757)",1,0.3157666,3.484029,5.557533,"(-0.3111,-0.2566,0.5930,0.6969)",-1,-1,-1,-1,-1,1,0.2712572,3.629515,7.03654,"(0.3873,-0.2446,-0.6920,0.5579)",-1,-1,-1,-1,-1
1,{},16.50068,240,1,1.577698,1.679095,5.456768,"(-0.1313,0.4597,-0.0652,-0.8759)",1,0.2747829,3.483869,5.601265,"(-0.3116,-0.2560,0.5949,0.6953)",-1,-1,-1,-1,-1,1,0.2308179,3.62591,7.08127,"(0.3921,-0.2410,-0.6937,0.5540)",-1,-1,-1,-1,-1
1,{},16.55568,241,1,1.577761,1.679178,5.456721,"(-0.1316,0.4594,-0.0649,-0.8760)",1,0.2737861,3.484495,5.599481,"(-0.3130,-0.2549,0.5960,0.6942)",-1,-1,-1,-1,-1,1,0.2299907,3.623897,7.081099,"(0.3880,-0.2435,-0.6883,0.5625)",-1,-1,-1,-1,-1
1,{},16.61283,242,1,1.577753,1.679387,5.456725,"(-0.1304,0.4594,-0.0652,-0.8762)",1,0.2754757,3.48495,5.600608,"(-0.3127,-0.2537,0.5954,0.6952)",-1,-1,-1,-1,-1,1,0.2293805,3.62714,7.079138,"(0.3879,-0.2461,-0.6890,0.5605)",-1,-1,-1,-1,-1
1,{},16.66642,243,1,1.577732,1.679544,5.456641,"(-0.1299,0.4595,-0.0648,-0.8762)",1,0.2748451,3.48363,5.600282,"(-0.3129,-0.2544,0.5955,0.6948)",-1,-1,-1,-1,-1,1,0.2235682,3.637361,7.069831,"(0.3740,-0.2654,-0.6743,0.5788)",-1,-1,-1,-1,-1
1,{},16.72193,244,1,1.577762,1.679512,5.456436,"(-0.0960,0.7605,-0.1095,-0.6328)",1,0.5537056,3.482912,4.636791,"(-0.5169,-0.5011,0.4313,0.5438)",-1,-1,-1,-1,-1,1,-0.5162488,3.642566,5.630249,"(0.6115,-0.4668,-0.4800,0.4215)",-1,-1,-1,-1,-1
1,{},16.7778,245,1,1.577925,1.679585,5.456388,"(-0.0959,0.7608,-0.1090,-0.6326)",1,0.5535464,3.483189,4.637357,"(-0.5168,-0.5009,0.4311,0.5442)",-1,-1,-1,-1,-1,1,-0.5144809,3.643955,5.622893,"(0.6026,-0.4772,-0.4755,0.4278)",-1,-1,-1,-1,-1
1,{},16.82114,246,1,1.578045,1.679582,5.456423,"(-0.0955,0.7605,-0.1100,-0.6328)",1,0.5530572,3.48272,4.63718,"(-0.5164,-0.5015,0.4310,0.5441)",-1,-1,-1,-1,-1,1,-0.5137278,3.647751,5.624975,"(0.5883,-0.4868,-0.4735,0.4390)",-1,-1,-1,-1,-1
1,{},16.86091,247,1,1.577989,1.679733,5.456287,"(-0.0953,0.7604,-0.1089,-0.6332)",1,0.5529982,3.483378,4.636615,"(-0.5167,-0.5014,0.4307,0.5441)",-1,-1,-1,-1,-1,1,-0.5158485,3.648883,5.633994,"(0.6088,-0.4662,-0.4858,0.4195)",-1,-1,-1,-1,-1
1,{},16.91112,248,1,1.577786,1.679908,5.456141,"(-0.0950,0.7606,-0.1083,-0.6331)",1,0.5533118,3.482595,4.636882,"(-0.5168,-0.5013,0.4313,0.5438)",-1,-1,-1,-1,-1,1,-0.5172988,3.648327,5.637758,"(0.6155,-0.4588,-0.4895,0.4136)",-1,-1,-1,-1,-1
1,{},16.94974,249,1,1.577886,1.679774,5.456066,"(-0.0952,0.7609,-0.1104,-0.6323)",1,0.5542729,3.482176,4.637547,"(-0.5166,-0.5015,0.4307,0.5443)",-1,-1,-1,-1,-1,1,-0.520111,3.640394,5.642814,"(0.6070,-0.4626,-0.4856,0.4263)",-1,-1,-1,-1,-1
1,{},17.01201,250,1,1.57794,1.679629,5.455925,"(-0.0957,0.7614,-0.1096,-0.6317)",1,0.5536177,3.482493,4.637365,"(-0.5163,-0.5018,0.4307,0.5442)",-1,-1,-1,-1,-1,1,-0.5245548,3.631303,5.649638,"(0.6090,-0.4549,-0.4868,0.4303)",-1,-1,-1,-1,-1
1,{},17.05056,251,1,1.577947,1.679619,5.455896,"(-0.0957,0.7615,-0.1096,-0.6316)",1,0.5534322,3.483439,4.636158,"(-0.5169,-0.5014,0.4308,0.5438)",-1,-1,-1,-1,-1,1,-0.5299433,3.623324,5.660302,"(0.6171,-0.4401,-0.4903,0.4304)",-1,-1,-1,-1,-1
1,{},17.09333,252,1,1.577941,1.67966,5.455936,"(-0.0948,0.7616,-0.1092,-0.6317)",1,0.5534573,3.483386,4.636271,"(-0.5169,-0.5015,0.4308,0.5438)",-1,-1,-1,-1,-1,1,-0.5291551,3.624731,5.65862,"(0.6166,-0.4414,-0.4900,0.4300)",-1,-1,-1,-1,-1
1,{},17.14783,253,1,1.577937,1.679715,5.456027,"(-0.0949,0.7610,-0.1101,-0.6323)",1,0.5532016,3.482742,4.636963,"(-0.5164,-0.5016,0.4309,0.5441)",-1,-1,-1,-1,-1,1,-0.5255171,3.632819,5.652594,"(0.6129,-0.4489,-0.4897,0.4279)",-1,-1,-1,-1,-1
1,{},17.22302,254,1,1.577628,1.679632,5.45587,"(-0.0954,0.7614,-0.1098,-0.6317)",1,0.5536996,3.482231,4.637065,"(-0.5163,-0.5017,0.4311,0.5439)",-1,-1,-1,-1,-1,1,-0.5239304,3.630897,5.649244,"(0.6119,-0.4519,-0.4871,0.4291)",-1,-1,-1,-1,-1
1,{},17.25925,255,1,1.577606,1.679622,5.455855,"(-0.0955,0.7614,-0.1099,-0.6317)",1,0.5536059,3.483032,4.637149,"(-0.5162,-0.5019,0.4310,0.5440)",-1,-1,-1,-1,-1,1,-0.5229639,3.637388,5.643683,"(0.6063,-0.4616,-0.4835,0.4309)",-1,-1,-1,-1,-1
1,{},17.30067,256,1,1.577601,1.679468,5.455866,"(-0.0957,0.7614,-0.1101,-0.6317)",1,0.5536261,3.483047,4.637171,"(-0.5162,-0.5019,0.4310,0.5440)",-1,-1,-1,-1,-1,1,-0.5231065,3.636758,5.644374,"(0.6068,-0.4606,-0.4839,0.4307)",-1,-1,-1,-1,-1
1,{},17.35629,257,1,1.577659,1.679641,5.455885,"(-0.0458,0.9450,-0.1373,-0.2932)",1,1.432201,3.483212,4.153128,"(-0.6417,-0.6720,0.2005,0.3106)",-1,-1,-1,-1,-1,1,-0.01871967,3.661107,4.098673,"(0.7347,-0.6098,-0.2172,0.2029)",-1,-1,-1,-1,-1
1,{},17.41191,258,1,1.577826,1.679765,5.455801,"(-0.0450,0.9455,-0.1370,-0.2920)",1,1.431962,3.482232,4.153,"(-0.6417,-0.6720,0.2008,0.3104)",-1,-1,-1,-1,-1,1,-0.01029432,3.659225,4.094481,"(0.7258,-0.6213,-0.2126,0.2049)",-1,-1,-1,-1,-1
1,{},17.46814,259,1,1.578034,1.679669,5.455975,"(-0.0455,0.9456,-0.1371,-0.2916)",1,1.430842,3.48258,4.153255,"(-0.6411,-0.6724,0.2005,0.3108)",-1,-1,-1,-1,-1,1,-0.0232352,3.648484,4.099676,"(0.7349,-0.6065,-0.2169,0.2123)",-1,-1,-1,-1,-1
1,{},17.52336,260,1,1.578096,1.679706,5.456032,"(-0.0449,0.9458,-0.1369,-0.2911)",1,1.430439,3.482378,4.153346,"(-0.6411,-0.6725,0.2004,0.3107)",-1,-1,-1,-1,-1,1,-0.04061806,3.640335,4.105175,"(0.7470,-0.5892,-0.2185,0.2169)",-1,-1,-1,-1,-1
1,{},17.57865,261,1,1.578053,1.679751,5.456135,"(-0.0456,0.9456,-0.1366,-0.2916)",1,1.43032,3.481481,4.153082,"(-0.6411,-0.6725,0.2007,0.3107)",-1,-1,-1,-1,-1,1,-0.06610894,3.621033,4.115084,"(0.7504,-0.5761,-0.2217,0.2366)",-1,-1,-1,-1,-1
1,{},17.63389,262,1,1.577928,1.679909,5.456102,"(-0.0456,0.9454,-0.1360,-0.2925)",1,1.430581,3.480628,4.153462,"(-0.6408,-0.6727,0.2006,0.3106)",-1,-1,-1,-1,-1,1,-0.06094682,3.620657,4.112402,"(0.7567,-0.5703,-0.2181,0.2336)",-1,-1,-1,-1,-1
1,{},17.69034,263,1,1.577873,1.67998,5.455911,"(-0.0459,0.9455,-0.1359,-0.2923)",1,1.430598,3.480221,4.154203,"(-0.6406,-0.6730,0.2003,0.3109)",-1,-1,-1,-1,-1,1,-0.05291069,3.629229,4.110022,"(0.7503,-0.5805,-0.2186,0.2286)",-1,-1,-1,-1,-1
1,{},17.81955,264,1,1.57785,1.68,5.455885,"(-0.0460,0.9455,-0.1358,-0.2924)",1,1.430487,3.479984,4.154443,"(-0.6403,-0.6732,0.2002,0.3110)",-1,-1,-1,-1,-1,1,-0.0528146,3.629797,4.109943,"(0.7499,-0.5810,-0.2189,0.2285)",-1,-1,-1,-1,-1
1,{},17.87744,265,1,1.577917,1.679707,5.455929,"(-0.0454,0.9456,-0.1369,-0.2916)",1,1.430375,3.479748,4.154684,"(-0.6401,-0.6734,0.2001,0.3111)",-1,-1,-1,-1,-1,1,-0.05271709,3.630366,4.109863,"(0.7494,-0.5816,-0.2191,0.2284)",-1,-1,-1,-1,-1
1,{},17.91653,266,1,1.577916,1.679587,5.455933,"(-0.0456,0.9457,-0.1370,-0.2913)",1,1.428806,3.48068,4.155925,"(-0.6384,-0.6740,0.2012,0.3125)",-1,-1,-1,-1,-1,1,-0.04647076,3.629866,4.106091,"(0.7489,-0.5840,-0.2163,0.2264)",-1,-1,-1,-1,-1
1,{},17.95976,267,1,1.533777,1.679844,5.553373,"(-0.0457,0.9452,-0.1367,-0.2928)",1,1.382699,3.480197,4.255402,"(-0.6366,-0.6744,0.2024,0.3145)",-1,-1,-1,-1,-1,1,-0.09185612,3.629554,4.204246,"(0.7484,-0.5844,-0.2165,0.2272)",-1,-1,-1,-1,-1
1,{},18.01451,268,1,1.477894,1.679722,5.679103,"(-0.0453,0.9453,-0.1374,-0.2925)",1,1.327581,3.478803,4.382123,"(-0.6351,-0.6763,0.2016,0.3141)",-1,-1,-1,-1,-1,1,-0.1477171,3.629677,4.329647,"(0.7474,-0.5859,-0.2166,0.2261)",-1,-1,-1,-1,-1
1,{},18.06952,269,1,1.426043,1.679444,5.80593,"(-0.0461,0.9454,-0.1379,-0.2918)",1,1.276209,3.479565,4.507565,"(-0.6359,-0.6759,0.2020,0.3131)",-1,-1,-1,-1,-1,1,-0.1989412,3.630226,4.455323,"(0.7471,-0.5864,-0.2161,0.2263)",-1,-1,-1,-1,-1
1,{},18.16122,270,1,1.342019,1.679466,6.018899,"(-0.0459,0.9453,-0.1376,-0.2922)",1,1.191141,3.479986,4.721774,"(-0.6346,-0.6770,0.2011,0.3139)",-1,-1,-1,-1,-1,1,-0.2825688,3.632696,4.668538,"(0.7462,-0.5878,-0.2166,0.2254)",-1,-1,-1,-1,-1
1,{},18.19946,271,1,1.30747,1.67966,6.108697,"(-0.0453,0.9452,-0.1374,-0.2928)",1,1.158273,3.479332,4.810472,"(-0.6354,-0.6765,0.2013,0.3131)",-1,-1,-1,-1,-1,1,-0.3157969,3.631062,4.758265,"(0.7459,-0.5880,-0.2163,0.2260)",-1,-1,-1,-1,-1
1,{},18.25365,272,1,1.251418,1.679571,6.231582,"(-0.0458,0.9455,-0.1375,-0.2916)",1,1.10262,3.479408,4.933025,"(-0.6354,-0.6770,0.2003,0.3127)",-1,-1,-1,-1,-1,1,-0.371056,3.630873,4.880657,"(0.7457,-0.5886,-0.2157,0.2256)",-1,-1,-1,-1,-1
1,{},18.309,273,1,1.251397,1.679557,6.231661,"(-0.0455,0.9455,-0.1373,-0.2916)",1,1.102838,3.481347,4.933137,"(-0.6355,-0.6773,0.1976,0.3136)",-1,-1,-1,-1,-1,1,-0.3714451,3.631764,4.880522,"(0.7463,-0.5879,-0.2161,0.2251)",-1,-1,-1,-1,-1
1,{},18.3644,274,1,1.251325,1.679605,6.231791,"(-0.0454,0.9452,-0.1374,-0.2926)",1,1.102992,3.480208,4.931947,"(-0.6365,-0.6762,0.1989,0.3132)",-1,-1,-1,-1,-1,1,-0.3724674,3.631251,4.881313,"(0.7467,-0.5871,-0.2163,0.2257)",-1,-1,-1,-1,-1
1,{},18.42015,275,1,1.251345,1.679892,6.231701,"(-0.0458,0.9454,-0.1364,-0.2923)",1,1.100794,3.478612,4.933799,"(-0.6319,-0.6806,0.1966,0.3143)",-1,-1,-1,-1,-1,1,-0.3720891,3.631263,4.881402,"(0.7462,-0.5878,-0.2166,0.2252)",-1,-1,-1,-1,-1
1,{},18.47616,276,1,1.219577,1.679986,6.241402,"(-0.0467,0.9458,-0.1365,-0.2911)",1,1.061774,3.479205,4.954822,"(-0.6235,-0.6834,0.1956,0.3255)",-1,-1,-1,-1,-1,1,-0.4018226,3.631295,4.889651,"(0.7452,-0.5900,-0.2157,0.2238)",-1,-1,-1,-1,-1
1,{},18.53119,277,1,1.090208,1.679872,6.28695,"(-0.0454,0.9459,-0.1375,-0.2903)",1,0.9300119,3.481899,5.003268,"(-0.6177,-0.6891,0.1885,0.3286)",-1,-1,-1,-1,-1,1,-0.527578,3.641237,4.932014,"(0.7395,-0.5985,-0.2171,0.2186)",-1,-1,-1,-1,-1
1,{},18.58796,278,1,0.9622279,1.680109,6.268366,"(0.0100,0.9851,-0.1419,0.0970)",1,1.760982,3.482216,5.24636,"(-0.6494,-0.7569,-0.0614,0.0389)",-1,-1,-1,-1,-1,1,0.8056849,3.665486,4.179723,"(0.7447,-0.6606,0.0785,-0.0537)",-1,-1,-1,-1,-1
1,{},18.6441,279,1,0.8475006,1.680343,6.194891,"(0.0084,0.9846,-0.1417,0.1023)",1,1.650286,3.481527,5.171349,"(-0.6556,-0.7516,-0.0620,0.0383)",-1,-1,-1,-1,-1,1,0.6782519,3.664932,4.108319,"(0.7572,-0.6475,0.0688,-0.0512)",-1,-1,-1,-1,-1
1,{},18.69822,280,1,0.7353754,1.680861,6.11385,"(0.0083,0.9842,-0.1397,0.1086)",1,1.533125,3.479835,5.087334,"(-0.6528,-0.7540,-0.0618,0.0384)",-1,-1,-1,-1,-1,1,0.5415201,3.649079,4.011921,"(0.7717,-0.6303,0.0777,-0.0350)",-1,-1,-1,-1,-1
1,{},18.75364,281,1,0.6362197,1.681836,6.021136,"(0.0054,0.9836,-0.1352,0.1193)",1,1.42544,3.480053,4.995346,"(-0.6487,-0.7572,-0.0642,0.0424)",-1,-1,-1,-1,-1,1,0.4205049,3.637848,3.911965,"(0.7860,-0.6127,0.0779,-0.0260)",-1,-1,-1,-1,-1
1,{},18.80926,282,1,0.5848905,1.68254,5.893428,"(0.0020,0.9821,-0.1318,0.1344)",1,1.369624,3.478282,4.860065,"(-0.6505,-0.7556,-0.0648,0.0427)",-1,-1,-1,-1,-1,1,0.3640791,3.644524,3.777785,"(0.7878,-0.6098,0.0798,-0.0324)",-1,-1,-1,-1,-1
1,{},18.86543,283,1,0.5963656,1.68468,5.76175,"(0.0000,0.9816,-0.1217,0.1469)",1,1.382521,3.474815,4.721726,"(-0.6589,-0.7482,-0.0643,0.0434)",-1,-1,-1,-1,-1,1,0.3771427,3.647316,3.646178,"(0.7818,-0.6181,0.0731,-0.0379)",-1,-1,-1,-1,-1
1,{},18.92005,284,1,0.6029784,1.686237,5.692637,"(-0.0005,0.9817,-0.1139,0.1526)",1,1.384256,3.465399,4.64426,"(-0.6534,-0.7533,-0.0628,0.0403)",-1,-1,-1,-1,-1,1,0.390331,3.640345,3.576166,"(0.7824,-0.6168,0.0751,-0.0427)",-1,-1,-1,-1,-1
1,{},18.97587,285,1,0.5926971,1.68747,5.67885,"(0.0014,0.9831,-0.1073,0.1481)",1,1.359444,3.466795,4.631187,"(-0.6391,-0.7646,-0.0656,0.0514)",-1,-1,-1,-1,-1,1,0.3797316,3.633519,3.554453,"(0.7762,-0.6247,0.0745,-0.0406)",-1,-1,-1,-1,-1
1,{},19.03148,286,1,0.5445799,1.68805,5.658119,"(0.0030,0.9843,-0.1038,0.1430)",1,1.312132,3.461311,4.603413,"(-0.6426,-0.7619,-0.0630,0.0505)",-1,-1,-1,-1,-1,1,0.3275815,3.629529,3.526582,"(0.7772,-0.6238,0.0729,-0.0375)",-1,-1,-1,-1,-1
1,{},19.08835,287,1,0.4028738,1.688345,5.673668,"(0.0043,0.9855,-0.1016,0.1358)",1,1.179819,3.454918,4.611708,"(-0.6466,-0.7592,-0.0608,0.0434)",-1,-1,-1,-1,-1,1,0.1772288,3.627157,3.535409,"(0.7832,-0.6170,0.0704,-0.0309)",-1,-1,-1,-1,-1
1,{},19.14275,288,1,0.2743578,1.689021,5.719182,"(0.0052,0.9864,-0.0981,0.1320)",1,1.068534,3.455724,4.656312,"(-0.6687,-0.7399,-0.0585,0.0432)",-1,-1,-1,-1,-1,1,0.03712979,3.623583,3.57565,"(0.7796,-0.6230,0.0593,-0.0231)",-1,-1,-1,-1,-1
1,{},19.19822,289,1,0.1530164,1.69,5.787995,"(0.0057,0.9872,-0.0946,0.1284)",1,0.9524217,3.454287,4.724583,"(-0.6744,-0.7347,-0.0572,0.0452)",-1,-1,-1,-1,-1,1,-0.09842551,3.61131,3.636735,"(0.7817,-0.6213,0.0535,-0.0078)",-1,-1,-1,-1,-1
1,{},19.25297,290,1,0.03997686,1.691101,5.866241,"(0.0038,0.9879,-0.0892,0.1267)",1,0.8344945,3.449387,4.80163,"(-0.6610,-0.7468,-0.0594,0.0430)",-1,-1,-1,-1,-1,1,-0.2196743,3.590134,3.70574,"(0.7805,-0.6225,0.0561,0.0097)",-1,-1,-1,-1,-1
1,{},19.30975,291,1,-0.06714211,1.692114,5.959456,"(0.0028,0.9883,-0.0858,0.1262)",1,0.7269143,3.448588,4.89337,"(-0.6566,-0.7504,-0.0620,0.0439)",-1,-1,-1,-1,-1,1,-0.306518,3.59907,3.808268,"(0.7839,-0.6176,0.0628,-0.0137)",-1,-1,-1,-1,-1
1,{},19.35947,292,1,-0.06670874,1.692698,5.960207,"(0.0017,0.9880,-0.0818,0.1307)",1,0.7270223,3.448187,4.893123,"(-0.6555,-0.7513,-0.0628,0.0444)",-1,-1,-1,-1,-1,1,-0.305208,3.597682,3.808434,"(0.7846,-0.6165,0.0635,-0.0159)",-1,-1,-1,-1,-1
1,{},19.38939,293,1,-0.06645871,1.693465,5.961086,"(0.0008,0.9880,-0.0773,0.1336)",1,0.7316539,3.443328,4.887545,"(-0.6570,-0.7501,-0.0639,0.0407)",-1,-1,-1,-1,-1,1,-0.2846531,3.601173,3.812071,"(0.7648,-0.6409,0.0596,-0.0256)",-1,-1,-1,-1,-1
1,{},19.43205,294,1,-0.06566487,1.694366,5.962462,"(0.0004,0.9875,-0.0726,0.1398)",1,0.7281727,3.442455,4.885848,"(-0.6579,-0.7493,-0.0621,0.0433)",-1,-1,-1,-1,-1,1,-0.2765458,3.595664,3.809883,"(0.7706,-0.6330,0.0699,-0.0259)",-1,-1,-1,-1,-1
1,{},19.48717,295,1,-0.06494452,1.695628,5.963837,"(0.0001,0.9872,-0.0663,0.1450)",1,0.7261234,3.437648,4.878407,"(-0.6554,-0.7515,-0.0623,0.0421)",-1,-1,-1,-1,-1,1,-0.2777985,3.588501,3.799952,"(0.7733,-0.6298,0.0704,-0.0190)",-1,-1,-1,-1,-1
1,{},19.54159,296,1,-0.06394322,1.69672,5.965457,"(0.0021,0.9869,-0.0595,0.1501)",1,0.7254686,3.433938,4.873488,"(-0.6571,-0.7500,-0.0626,0.0424)",-1,-1,-1,-1,-1,1,-0.2856171,3.584875,3.790317,"(0.7731,-0.6302,0.0699,-0.0172)",-1,-1,-1,-1,-1
1,{},19.59739,297,1,-0.0627992,1.69725,5.967106,"(0.0036,0.9863,-0.0564,0.1551)",1,0.7228044,3.43188,4.867209,"(-0.6567,-0.7504,-0.0622,0.0417)",-1,-1,-1,-1,-1,1,-0.2998707,3.579015,3.780077,"(0.7790,-0.6230,0.0695,-0.0093)",-1,-1,-1,-1,-1
1,{},19.65422,298,1,-0.06191603,1.697648,5.967928,"(0.0045,0.9859,-0.0544,0.1584)",1,0.7209893,3.429173,4.862177,"(-0.6571,-0.7502,-0.0615,0.0414)",-1,-1,-1,-1,-1,1,-0.3005009,3.57278,3.774307,"(0.7786,-0.6234,0.0717,-0.0085)",-1,-1,-1,-1,-1
1,{},19.7079,299,1,-0.06099243,1.698301,5.968934,"(0.0059,0.9856,-0.0511,0.1614)",1,0.7188626,3.428051,4.859964,"(-0.6568,-0.7503,-0.0618,0.0414)",-1,-1,-1,-1,-1,1,-0.2981777,3.572781,3.773088,"(0.7760,-0.6265,0.0714,-0.0101)",-1,-1,-1,-1,-1
1,{},19.81402,300,1,-0.06106505,1.698475,5.968678,"(0.0061,0.9857,-0.0503,0.1606)",1,0.717879,3.426911,4.857887,"(-0.6568,-0.7504,-0.0617,0.0414)",-1,-1,-1,-1,-1,1,-0.2981868,3.570844,3.770777,"(0.7758,-0.6268,0.0718,-0.0100)",-1,-1,-1,-1,-1
1,{},19.84991,301,1,-0.0596402,1.699384,5.96977,"(0.0111,0.9857,-0.0433,0.1623)",1,0.7167192,3.424823,4.856472,"(-0.6567,-0.7506,-0.0613,0.0410)",-1,-1,-1,-1,-1,1,-0.2990931,3.570708,3.769798,"(0.7760,-0.6267,0.0712,-0.0106)",-1,-1,-1,-1,-1
1,{},19.89399,302,1,-0.05901691,1.70011,5.970454,"(0.0106,0.9855,-0.0380,0.1651)",1,0.7143899,3.423277,4.85401,"(-0.6573,-0.7501,-0.0612,0.0402)",-1,-1,-1,-1,-1,1,-0.302325,3.567675,3.767031,"(0.7751,-0.6277,0.0717,-0.0101)",-1,-1,-1,-1,-1
1,{},19.9474,303,1,-0.05854792,1.700686,5.971155,"(0.0111,0.9853,-0.0346,0.1672)",1,0.7129414,3.419933,4.849483,"(-0.6573,-0.7501,-0.0609,0.0401)",-1,-1,-1,-1,-1,1,-0.302269,3.564823,3.763459,"(0.7752,-0.6275,0.0725,-0.0109)",-1,-1,-1,-1,-1
1,{},20.00289,304,1,-0.05808483,1.701539,5.972028,"(0.0107,0.9847,-0.0297,0.1712)",1,0.7128026,3.417982,4.846205,"(-0.6574,-0.7500,-0.0611,0.0400)",-1,-1,-1,-1,-1,1,-0.3024417,3.562092,3.759887,"(0.7751,-0.6275,0.0728,-0.0109)",-1,-1,-1,-1,-1
1,{},20.05865,305,1,-0.05760691,1.702198,5.972951,"(0.0089,0.9841,-0.0260,0.1755)",1,0.7127872,3.415309,4.842589,"(-0.6574,-0.7500,-0.0611,0.0397)",-1,-1,-1,-1,-1,1,-0.3019571,3.559885,3.756774,"(0.7751,-0.6275,0.0730,-0.0112)",-1,-1,-1,-1,-1
1,{},20.11422,306,1,-0.05774922,1.7022,5.973841,"(0.0106,0.9840,-0.0263,0.1761)",1,0.7125816,3.413626,4.839257,"(-0.6571,-0.7503,-0.0605,0.0395)",-1,-1,-1,-1,-1,1,-0.3024334,3.559894,3.753491,"(0.7759,-0.6266,0.0720,-0.0117)",-1,-1,-1,-1,-1
1,{},20.16931,307,1,-0.0579666,1.70181,5.974361,"(0.0106,0.9842,-0.0270,0.1749)",1,0.7146614,3.415751,4.837739,"(-0.6582,-0.7493,-0.0615,0.0396)",-1,-1,-1,-1,-1,1,-0.3009213,3.56389,3.752448,"(0.7768,-0.6254,0.0723,-0.0145)",-1,-1,-1,-1,-1
1,{},20.22569,308,1,-0.05834308,1.701225,5.973752,"(0.0106,0.9845,-0.0316,0.1722)",1,0.7136981,3.416369,4.837657,"(-0.6574,-0.7500,-0.0612,0.0395)",-1,-1,-1,-1,-1,1,-0.3007105,3.556758,3.752505,"(0.7720,-0.6312,0.0740,-0.0117)",-1,-1,-1,-1,-1
1,{},20.28068,309,1,-0.05842586,1.700879,5.97333,"(0.0104,0.9847,-0.0338,0.1709)",1,0.71409,3.417866,4.83949,"(-0.6573,-0.7501,-0.0612,0.0396)",-1,-1,-1,-1,-1,1,-0.304637,3.577877,3.7628,"(0.7888,-0.6104,0.0649,-0.0327)",-1,-1,-1,-1,-1
1,{},20.33691,310,1,-0.05863134,1.699325,5.972066,"(0.0114,0.9847,-0.0440,0.1681)",1,0.7143281,3.420133,4.843391,"(-0.6575,-0.7499,-0.0616,0.0396)",-1,-1,-1,-1,-1,1,-0.3015818,3.587126,3.761192,"(0.7718,-0.6327,0.0575,-0.0262)",-1,-1,-1,-1,-1
1,{},20.4131,311,1,-0.05897196,1.695632,5.9701,"(0.0147,0.9844,-0.0630,0.1634)",1,0.7141416,3.422573,4.845267,"(-0.6572,-0.7502,-0.0613,0.0397)",-1,-1,-1,-1,-1,1,-0.3004964,3.584666,3.763616,"(0.7654,-0.6407,0.0551,-0.0267)",-1,-1,-1,-1,-1
1,{},20.4504,312,1,-0.05897582,1.694422,5.968918,"(0.0159,0.9843,-0.0705,0.1613)",1,0.1552016,1.331598,5.748072,"(-0.6574,-0.7500,-0.0613,0.0394)",-1,-1,-1,-1,-1,1,-0.1032355,1.381026,5.478424,"(0.7856,-0.6151,0.0578,-0.0328)",-1,-1,-1,-1,-1
1,{},20.49245,313,1,-0.05870104,1.693693,5.967364,"(0.0167,0.9840,-0.0751,0.1609)",1,0.1552135,1.331588,5.748072,"(-0.6574,-0.7500,-0.0613,0.0394)",-1,-1,-1,-1,-1,1,-0.1033437,1.381743,5.478464,"(0.7870,-0.6134,0.0574,-0.0342)",-1,-1,-1,-1,-1
1,{},20.54832,314,1,-0.05858245,1.692695,5.96606,"(0.0174,0.9838,-0.0804,0.1592)",1,0.1552273,1.331555,5.748085,"(-0.6575,-0.7499,-0.0615,0.0397)",-1,-1,-1,-1,-1,1,-0.1074299,1.381789,5.478327,"(0.7969,-0.6013,0.0519,-0.0282)",-1,-1,-1,-1,-1
1,{},20.60355,315,1,-0.05853385,1.691842,5.965161,"(0.0185,0.9836,-0.0852,0.1576)",1,0.1552629,1.331384,5.747969,"(-0.6576,-0.7499,-0.0610,0.0394)",-1,-1,-1,-1,-1,1,-0.1056471,1.377744,5.47668,"(0.7989,-0.5971,0.0696,-0.0196)",-1,-1,-1,-1,-1
1,{},20.65841,316,1,-0.05847087,1.689788,5.964271,"(0.0196,0.9831,-0.0952,0.1552)",1,0.1552642,1.331486,5.747993,"(-0.6578,-0.7497,-0.0612,0.0395)",-1,-1,-1,-1,-1,1,-0.1043756,1.37747,5.477125,"(0.7832,-0.6185,0.0598,-0.0225)",-1,-1,-1,-1,-1
1,{},20.71397,317,1,-0.05820199,1.687526,5.963684,"(0.0233,0.9818,-0.1067,0.1552)",1,0.1554092,1.331511,5.747816,"(-0.6578,-0.7496,-0.0613,0.0395)",-1,-1,-1,-1,-1,1,-0.1031625,1.378875,5.47787,"(0.7895,-0.6098,0.0644,-0.0274)",-1,-1,-1,-1,-1
1,{},20.76957,318,1,-0.05755055,1.687448,5.962399,"(0.0231,0.9818,-0.1072,0.1550)",1,0.1554829,1.331578,5.748003,"(-0.6581,-0.7494,-0.0614,0.0397)",-1,-1,-1,-1,-1,1,-0.1034021,1.379311,5.478229,"(0.7876,-0.6123,0.0623,-0.0295)",-1,-1,-1,-1,-1
1,{},20.82556,319,1,-0.05728457,1.687301,5.962159,"(0.0251,0.9814,-0.1094,0.1555)",1,0.1552605,1.33154,5.748097,"(-0.6569,-0.7504,-0.0614,0.0399)",-1,-1,-1,-1,-1,1,-0.1038857,1.379096,5.478329,"(0.7885,-0.6113,0.0617,-0.0279)",-1,-1,-1,-1,-1
1,{},20.88182,320,1,-0.05698828,1.687692,5.962219,"(0.0241,0.9817,-0.1052,0.1569)",1,0.1554866,1.33157,5.74815,"(-0.6574,-0.7500,-0.0618,0.0399)",-1,-1,-1,-1,-1,1,-0.1046825,1.379118,5.478029,"(0.7887,-0.6113,0.0589,-0.0268)",-1,-1,-1,-1,-1
1,{},20.93649,321,1,-0.05673529,1.687893,5.962061,"(0.0241,0.9817,-0.1043,0.1573)",1,0.1555476,1.331628,5.748118,"(-0.6577,-0.7496,-0.0619,0.0403)",-1,-1,-1,-1,-1,1,-0.1067303,1.379842,5.479481,"(0.7845,-0.6175,0.0458,-0.0333)",-1,-1,-1,-1,-1
1,{},21.01762,322,1,-0.05684755,1.688315,5.962293,"(0.0244,0.9820,-0.1025,0.1566)",1,0.1554866,1.331459,5.747999,"(-0.6575,-0.7499,-0.0614,0.0400)",-1,-1,-1,-1,-1,1,-0.1055923,1.379432,5.479398,"(0.7785,-0.6248,0.0482,-0.0344)",-1,-1,-1,-1,-1
1,{},21.07577,323,1,-0.05699503,1.688391,5.962172,"(0.0229,0.9823,-0.1024,0.1553)",1,0.1555976,1.331482,5.748094,"(-0.6577,-0.7497,-0.0616,0.0400)",-1,-1,-1,-1,-1,1,-0.1037804,1.377249,5.478754,"(0.7862,-0.6145,0.0603,-0.0244)",-1,-1,-1,-1,-1
1,{},21.13114,324,1,-0.05745099,1.687919,5.962206,"(0.0249,0.9823,-0.1043,0.1535)",1,0.1555017,1.33154,5.748317,"(-0.6576,-0.7497,-0.0618,0.0404)",-1,-1,-1,-1,-1,1,-0.1035576,1.379088,5.47837,"(0.7859,-0.6150,0.0586,-0.0263)",-1,-1,-1,-1,-1
1,{},21.25126,325,1,-0.05754342,1.687565,5.96214,"(0.0237,0.9822,-0.1056,0.1535)",1,0.1554304,1.3315,5.748389,"(-0.6575,-0.7499,-0.0618,0.0403)",-1,-1,-1,-1,-1,1,-0.1035503,1.378956,5.477692,"(0.7844,-0.6168,0.0610,-0.0217)",-1,-1,-1,-1,-1
1,{},21.31608,326,1,-0.05847999,1.687907,5.961003,"(0.0217,0.9829,-0.1052,0.1497)",1,0.1555579,1.331429,5.748288,"(-0.6577,-0.7497,-0.0618,0.0397)",-1,-1,-1,-1,-1,1,-0.1044997,1.377918,5.478028,"(0.7852,-0.6159,0.0597,-0.0226)",-1,-1,-1,-1,-1
1,{},21.37076,327,1,-0.05867627,1.687653,5.960649,"(0.0211,0.9828,-0.1066,0.1491)",1,0.1571004,1.331921,5.74835,"(-0.6684,-0.7401,-0.0624,0.0393)",-1,-1,-1,-1,-1,1,-0.1031664,1.374386,5.476341,"(0.7767,-0.6262,0.0670,-0.0111)",-1,-1,-1,-1,-1
1,{},21.42741,328,1,0.04837511,1.686996,5.868432,"(0.0198,0.9831,-0.1090,0.1459)",1,0.2651806,1.330522,5.654504,"(-0.6688,-0.7407,-0.0551,0.0316)",-1,-1,-1,-1,-1,1,0.004103929,1.37415,5.384295,"(0.7757,-0.6276,0.0658,-0.0093)",-1,-1,-1,-1,-1
1,{},21.48271,329,1,0.1512968,1.686652,5.776507,"(0.0192,0.9834,-0.1104,0.1427)",1,0.3663564,1.332014,5.565136,"(-0.6608,-0.7470,-0.0597,0.0419)",-1,-1,-1,-1,-1,1,0.107471,1.374743,5.292765,"(0.7772,-0.6257,0.0654,-0.0100)",-1,-1,-1,-1,-1
1,{},21.5391,330,1,0.159939,1.686617,5.744845,"(0.0169,0.9841,-0.1111,0.1374)",1,0.3755525,1.331743,5.534383,"(-0.6506,-0.7557,-0.0636,0.0397)",-1,-1,-1,-1,-1,1,0.1156117,1.374501,5.25967,"(0.7579,-0.6502,0.0524,-0.0069)",-1,-1,-1,-1,-1
1,{},21.59516,331,1,0.1582371,1.686345,5.744004,"(0.0146,0.9851,-0.1121,0.1292)",1,0.3756455,1.332501,5.535167,"(-0.6584,-0.7485,-0.0631,0.0485)",-1,-1,-1,-1,-1,1,0.1150744,1.374043,5.258672,"(0.7398,-0.6715,0.0417,-0.0054)",-1,-1,-1,-1,-1
1,{},21.6505,332,1,0.1563673,1.686069,5.743416,"(0.0143,0.9860,-0.1142,0.1208)",1,0.3765805,1.331986,5.534195,"(-0.6587,-0.7487,-0.0621,0.0412)",-1,-1,-1,-1,-1,1,0.1152098,1.369069,5.256312,"(0.7284,-0.6834,0.0498,0.0061)",-1,-1,-1,-1,-1
1,{},21.70615,333,1,0.154085,1.685722,5.742525,"(0.0137,0.9875,-0.1139,0.1083)",1,0.3765947,1.332001,5.534239,"(-0.6588,-0.7486,-0.0626,0.0413)",-1,-1,-1,-1,-1,1,0.1119265,1.364803,5.253919,"(0.7172,-0.6949,0.0430,0.0293)",-1,-1,-1,-1,-1
1,{},21.76201,334,1,0.1520069,1.68509,5.742184,"(0.0153,0.9883,-0.1179,0.0956)",1,0.3761159,1.331924,5.533988,"(-0.6564,-0.7507,-0.0624,0.0406)",-1,-1,-1,-1,-1,1,0.113203,1.363918,5.251637,"(0.6991,-0.7136,0.0404,0.0209)",-1,-1,-1,-1,-1
1,{},21.81774,335,1,0.1508328,1.684777,5.741589,"(0.0167,0.9888,-0.1186,0.0890)",1,0.3763041,1.332027,5.534002,"(-0.6588,-0.7486,-0.0620,0.0412)",-1,-1,-1,-1,-1,1,0.1136276,1.363562,5.248583,"(0.6813,-0.7313,0.0283,0.0141)",-1,-1,-1,-1,-1
1,{},21.87278,336,1,0.1495807,1.684291,5.741199,"(0.0161,0.9890,-0.1208,0.0834)",1,0.3762773,1.331733,5.533592,"(-0.6601,-0.7476,-0.0604,0.0403)",-1,-1,-1,-1,-1,1,0.1185101,1.355583,5.245683,"(0.6600,-0.7492,0.0522,0.0206)",-1,-1,-1,-1,-1
1,{},21.92857,337,1,0.1893175,1.683986,5.651518,"(0.0138,0.9891,-0.1224,0.0804)",1,0.416189,1.332294,5.444828,"(-0.6601,-0.7474,-0.0613,0.0435)",-1,-1,-1,-1,-1,1,0.1595024,1.350936,5.15503,"(0.6521,-0.7553,0.0583,0.0291)",-1,-1,-1,-1,-1
1,{},21.98324,338,1,0.252381,1.683905,5.530011,"(0.0121,0.9893,-0.1235,0.0763)",1,0.4783825,1.334455,5.326085,"(-0.6552,-0.7504,-0.0673,0.0545)",-1,-1,-1,-1,-1,1,0.222289,1.346744,5.033251,"(0.6386,-0.7658,0.0648,0.0382)",-1,-1,-1,-1,-1
1,{},22.04045,339,1,0.2520307,1.683665,5.52967,"(0.0119,0.9894,-0.1243,0.0742)",1,0.4781882,1.333905,5.325539,"(-0.6551,-0.7509,-0.0636,0.0545)",-1,-1,-1,-1,-1,1,0.2224127,1.343081,5.032526,"(0.6269,-0.7740,0.0756,0.0463)",-1,-1,-1,-1,-1
1,{},22.07403,340,1,0.2513993,1.683163,5.529324,"(0.0123,0.9894,-0.1259,0.0712)",1,0.4797306,1.333106,5.324772,"(-0.6573,-0.7495,-0.0641,0.0466)",-1,-1,-1,-1,-1,1,0.2224145,1.339633,5.031394,"(0.6198,-0.7786,0.0856,0.0472)",-1,-1,-1,-1,-1
1,{},22.11758,341,1,0.2509128,1.682381,5.528753,"(0.0128,0.9892,-0.1292,0.0686)",1,0.4797905,1.333141,5.324809,"(-0.6578,-0.7490,-0.0641,0.0469)",-1,-1,-1,-1,-1,1,0.2225457,1.33817,5.031087,"(0.6165,-0.7809,0.0886,0.0484)",-1,-1,-1,-1,-1
1,{},22.17188,342,1,0.2505533,1.681814,5.528333,"(0.0142,0.9889,-0.1315,0.0674)",1,0.479368,1.333088,5.324831,"(-0.6563,-0.7505,-0.0637,0.0438)",-1,-1,-1,-1,-1,1,0.2257482,1.336112,5.027167,"(0.5945,-0.7985,0.0843,0.0435)",-1,-1,-1,-1,-1
1,{},22.22735,343,1,0.2504836,1.681364,5.528064,"(0.0143,0.9887,-0.1333,0.0675)",1,0.4790231,1.333063,5.324811,"(-0.6558,-0.7510,-0.0633,0.0436)",-1,-1,-1,-1,-1,1,0.2255272,1.331948,5.023712,"(0.5850,-0.8045,0.0872,0.0544)",-1,-1,-1,-1,-1
1,{},22.28257,344,1,0.2501181,1.681238,5.52781,"(0.0147,0.9886,-0.1342,0.0661)",1,0.4795837,1.333165,5.324639,"(-0.6580,-0.7492,-0.0626,0.0421)",-1,-1,-1,-1,-1,1,0.2269649,1.32966,5.01894,"(0.5994,-0.7902,0.1075,0.0689)",-1,-1,-1,-1,-1
1,{},22.33906,345,1,0.2500039,1.681616,5.527482,"(0.0132,0.9888,-0.1334,0.0651)",1,0.4793932,1.333316,5.324727,"(-0.6576,-0.7495,-0.0627,0.0426)",-1,-1,-1,-1,-1,1,0.2239354,1.330598,5.020426,"(0.6032,-0.7881,0.1001,0.0711)",-1,-1,-1,-1,-1
1,{},22.39478,346,1,0.2501666,1.681634,5.527836,"(0.0140,0.9887,-0.1343,0.0653)",1,0.4791397,1.333627,5.324898,"(-0.6565,-0.7504,-0.0634,0.0430)",-1,-1,-1,-1,-1,1,0.2237348,1.327744,5.020205,"(0.6112,-0.7788,0.1169,0.0784)",-1,-1,-1,-1,-1
1,{},22.46886,347,1,0.250684,1.681851,5.528446,"(0.0138,0.9890,-0.1311,0.0666)",1,0.4794979,1.333585,5.324863,"(-0.6567,-0.7502,-0.0637,0.0428)",-1,-1,-1,-1,-1,1,0.2249854,1.333889,5.02507,"(0.6228,-0.7727,0.1110,0.0526)",-1,-1,-1,-1,-1
1,{},22.50555,348,1,0.2512946,1.682242,5.528626,"(0.0153,0.9891,-0.1293,0.0688)",1,0.4798175,1.333384,5.324659,"(-0.6580,-0.7493,-0.0625,0.0421)",-1,-1,-1,-1,-1,1,0.2278768,1.336796,5.028497,"(0.6214,-0.7748,0.1101,0.0386)",-1,-1,-1,-1,-1
1,{},22.56178,349,1,0.2528687,1.682711,5.528961,"(0.0172,0.9887,-0.1287,0.0747)",1,0.4793154,1.333608,5.325069,"(-0.6567,-0.7502,-0.0639,0.0434)",-1,-1,-1,-1,-1,1,0.2266774,1.343962,5.030452,"(0.6453,-0.7559,0.1001,0.0472)",-1,-1,-1,-1,-1
1,{},22.61753,350,1,0.2540089,1.683035,5.529291,"(0.0205,0.9884,-0.1281,0.0785)",1,0.4792005,1.333546,5.324924,"(-0.6563,-0.7505,-0.0641,0.0433)",-1,-1,-1,-1,-1,1,0.2349804,1.353851,5.039471,"(0.7235,-0.6735,0.1491,0.0269)",-1,-1,-1,-1,-1
1,{},22.67281,351,1,0.2552795,1.683118,5.530116,"(0.0223,0.9880,-0.1276,0.0839)",1,0.4799498,1.333992,5.324852,"(-0.6573,-0.7495,-0.0670,0.0417)",-1,-1,-1,-1,-1,1,0.2398708,1.369784,5.052035,"(0.7810,-0.6048,0.1553,-0.0093)",-1,-1,-1,-1,-1
1,{},22.82776,352,1,0.2563347,1.683343,5.530584,"(0.0242,0.9877,-0.1270,0.0881)",1,0.4847366,1.336651,5.323891,"(-0.6775,-0.7314,-0.0687,0.0355)",-1,-1,-1,-1,-1,1,0.2411899,1.383274,5.065125,"(0.8031,-0.5752,0.1518,-0.0328)",-1,-1,-1,-1,-1
1,{},22.87987,353,1,0.2621577,1.682946,5.536072,"(0.0370,0.9826,-0.1275,0.1295)",1,0.4812735,1.344096,5.325691,"(-0.6486,-0.7538,-0.0894,0.0562)",-1,-1,-1,-1,-1,1,0.2369574,1.402628,5.075111,"(0.8664,-0.4694,0.1568,-0.0669)",-1,-1,-1,-1,-1
1,{},22.93498,354,1,0.2646519,1.682245,5.537929,"(0.0367,0.9803,-0.1282,0.1460)",1,0.4760672,1.355603,5.326113,"(-0.5421,-0.8277,-0.1301,0.0643)",-1,-1,-1,-1,-1,1,0.2326992,1.428793,5.095838,"(0.9326,-0.3258,0.1387,-0.0698)",-1,-1,-1,-1,-1
1,{},22.99061,355,1,0.2687325,1.681446,5.539542,"(0.0407,0.9760,-0.1345,0.1662)",1,0.4774973,1.353267,5.323813,"(-0.4469,-0.8789,-0.1617,0.0414)",-1,-1,-1,-1,-1,1,0.237372,1.42545,5.106546,"(0.9392,-0.3079,0.1466,-0.0414)",-1,-1,-1,-1,-1
1,{},23.04553,356,1,0.2736654,1.680778,5.541523,"(0.0458,0.9724,-0.1351,0.1847)",1,0.4777367,1.357341,5.32419,"(-0.3891,-0.9021,-0.1828,0.0362)",-1,-1,-1,-1,-1,1,0.2431119,1.428042,5.114444,"(0.9432,-0.2872,0.1637,-0.0343)",-1,-1,-1,-1,-1
1,{},23.10089,357,1,0.2755237,1.680197,5.542787,"(0.0482,0.9703,-0.1401,0.1914)",1,0.4811942,1.365383,5.324143,"(-0.3933,-0.9010,-0.1807,0.0304)",-1,-1,-1,-1,-1,1,0.2453917,1.435806,5.1229,"(0.9431,-0.2818,0.1711,-0.0440)",-1,-1,-1,-1,-1
1,{},23.1563,358,1,0.279849,1.680368,5.544651,"(0.0512,0.9668,-0.1402,0.2072)",1,0.487729,1.369865,5.32313,"(-0.3958,-0.9002,-0.1807,0.0160)",-1,-1,-1,-1,-1,1,0.2455495,1.442041,5.130883,"(0.9493,-0.2649,0.1654,-0.0359)",-1,-1,-1,-1,-1
1,{},23.21285,359,1,0.2832908,1.680677,5.547072,"(0.0562,0.9643,-0.1367,0.2199)",1,0.4915385,1.366633,5.323377,"(-0.3570,-0.9153,-0.1855,0.0166)",-1,-1,-1,-1,-1,1,0.2492701,1.455964,5.141994,"(0.9431,-0.2617,0.1962,-0.0605)",-1,-1,-1,-1,-1
1,{},23.26795,360,1,0.2862602,1.680575,5.549045,"(0.0614,0.9618,-0.1347,0.2302)",1,0.495926,1.363804,5.323186,"(-0.3475,-0.9216,-0.1725,0.0103)",-1,-1,-1,-1,-1,1,0.2496797,1.467247,5.152067,"(0.9408,-0.2682,0.1923,-0.0773)",-1,-1,-1,-1,-1
1,{},23.32303,361,1,0.2889626,1.680101,5.551101,"(0.0651,0.9590,-0.1341,0.2411)",1,0.5023721,1.36004,5.321552,"(-0.3663,-0.9145,-0.1713,-0.0115)",-1,-1,-1,-1,-1,1,0.2483211,1.472931,5.158929,"(0.9445,-0.2489,0.1956,-0.0880)",-1,-1,-1,-1,-1
1,{},23.37878,362,1,0.2910419,1.67963,5.552728,"(0.0678,0.9544,-0.1369,0.2564)",1,0.5026013,1.355052,5.319294,"(-0.3591,-0.9212,-0.1493,-0.0112)",-1,-1,-1,-1,-1,1,0.2483136,1.476296,5.163652,"(0.9456,-0.2437,0.1981,-0.0844)",-1,-1,-1,-1,-1
1,{},23.43472,363,1,0.2912938,1.67957,5.553023,"(0.0715,0.9542,-0.1355,0.2569)",1,0.5051087,1.351512,5.317634,"(-0.3351,-0.9303,-0.1479,-0.0198)",-1,-1,-1,-1,-1,1,0.250147,1.483802,5.169604,"(0.9478,-0.2147,0.2128,-0.1020)",-1,-1,-1,-1,-1
1,{},23.49284,364,1,0.2925145,1.679613,5.55382,"(0.0741,0.9529,-0.1349,0.2612)",1,0.5029182,1.346746,5.319864,"(-0.3213,-0.9379,-0.1311,-0.0042)",-1,-1,-1,-1,-1,1,0.2487708,1.488292,5.172553,"(0.9436,-0.2348,0.2081,-0.1059)",-1,-1,-1,-1,-1
1,{},23.59675,365,1,0.292264,1.679939,5.553206,"(0.0733,0.9539,-0.1337,0.2584)",1,0.5019998,1.341737,5.319012,"(-0.3237,-0.9415,-0.0938,-0.0059)",-1,-1,-1,-1,-1,1,0.2475817,1.491028,5.173985,"(0.9433,-0.2352,0.2064,-0.1109)",-1,-1,-1,-1,-1
1,{},23.63356,366,1,0.2944678,1.679424,5.552833,"(0.0756,0.9530,-0.1352,0.2605)",1,0.4984576,1.342075,5.335557,"(-0.2000,-0.9787,-0.0179,0.0436)",-1,-1,-1,-1,-1,1,0.2599098,1.511283,5.194883,"(0.8036,-0.5106,0.1544,-0.2638)",-1,-1,-1,-1,-1
1,{},23.67477,367,1,0.2950718,1.678536,5.552677,"(0.0787,0.9526,-0.1363,0.2605)",1,0.4978853,1.340599,5.336764,"(-0.1904,-0.9806,-0.0084,0.0466)",-1,-1,-1,-1,-1,1,0.2614317,1.514128,5.197647,"(0.7860,-0.5326,0.1475,-0.2771)",-1,-1,-1,-1,-1
1,{},23.7129,368,1,0.2952486,1.676981,5.552757,"(0.0817,0.9522,-0.1408,0.2587)",1,0.4968661,1.343562,5.345061,"(-0.1308,-0.9872,-0.0172,0.0897)",-1,-1,-1,-1,-1,1,0.2722321,1.512576,5.206887,"(0.6846,-0.6461,0.1376,-0.3080)",-1,-1,-1,-1,-1
1,{},23.74848,369,1,0.2956294,1.675879,5.552713,"(0.0841,0.9521,-0.1444,0.2563)",1,0.518615,1.339978,5.344353,"(-0.0165,-0.9988,-0.0189,0.0414)",-1,-1,-1,-1,-1,1,0.28597,1.501757,5.228118,"(0.5015,-0.7775,0.0912,-0.3683)",-1,-1,-1,-1,-1
1,{},23.78977,370,1,0.2956143,1.674532,5.552734,"(0.0873,0.9519,-0.1491,0.2532)",1,0.5222051,1.340965,5.345743,"(-0.0320,-0.9986,-0.0112,0.0396)",-1,-1,-1,-1,-1,1,0.2910731,1.490352,5.236757,"(0.4015,-0.8222,0.0795,-0.3956)",-1,-1,-1,-1,-1
1,{},23.84472,371,1,0.2948591,1.671125,5.553136,"(0.0920,0.9517,-0.1639,0.2427)",1,0.5386776,1.344002,5.349082,"(-0.1156,-0.9927,0.0289,0.0203)",-1,-1,-1,-1,-1,1,0.2922845,1.466995,5.249152,"(0.1946,-0.8843,-0.0386,-0.4228)",-1,-1,-1,-1,-1
1,{},23.90052,372,1,0.2948501,1.670568,5.552503,"(0.0924,0.9532,-0.1639,0.2365)",1,0.5177319,1.340284,5.360517,"(-0.1287,-0.9874,0.0619,0.0686)",-1,-1,-1,-1,-1,1,0.287756,1.408392,5.24755,"(0.0086,-0.8968,0.0051,-0.4423)",-1,-1,-1,-1,-1
1,{},23.95562,373,1,0.2945826,1.670745,5.551957,"(0.0943,0.9549,-0.1617,0.2304)",1,0.5167202,1.335183,5.358554,"(-0.0279,-0.9941,0.0518,0.0912)",-1,-1,-1,-1,-1,1,0.2876527,1.407834,5.243153,"(0.1946,-0.8794,0.1306,-0.4145)",-1,-1,-1,-1,-1
1,{},24.01187,374,1,0.2941756,1.671072,5.550881,"(0.0954,0.9553,-0.1624,0.2279)",1,0.5270057,1.345943,5.352486,"(-0.0003,-0.9982,0.0000,0.0599)",-1,-1,-1,-1,-1,1,0.2830396,1.392564,5.243293,"(0.1670,-0.8871,0.1443,-0.4055)",-1,-1,-1,-1,-1
1,{},24.06847,375,1,0.2941359,1.670769,5.550214,"(0.0919,0.9544,-0.1655,0.2308)",1,0.5274521,1.354607,5.354159,"(-0.1119,-0.9925,0.0084,0.0489)",-1,-1,-1,-1,-1,1,0.2816501,1.372626,5.247603,"(0.1574,-0.8843,0.2146,-0.3837)",-1,-1,-1,-1,-1
1,{},24.12291,376,1,0.2942679,1.670867,5.549472,"(0.0910,0.9548,-0.1642,0.2306)",1,0.5200704,1.355993,5.355846,"(-0.1053,-0.9913,0.0034,0.0793)",-1,-1,-1,-1,-1,1,0.2898853,1.361366,5.24751,"(0.1748,-0.8781,0.1934,-0.4012)",-1,-1,-1,-1,-1
1,{},24.17855,377,1,0.2943745,1.670582,5.548835,"(0.0923,0.9540,-0.1653,0.2323)",1,0.5199487,1.353403,5.359517,"(-0.0911,-0.9912,0.0154,0.0953)",-1,-1,-1,-1,-1,1,0.2921898,1.355885,5.235906,"(0.1815,-0.8911,0.1518,-0.3871)",-1,-1,-1,-1,-1
1,{},24.2532,378,1,0.2946409,1.670627,5.548427,"(0.0918,0.9539,-0.1665,0.2321)",1,0.5227147,1.357567,5.357284,"(-0.1011,-0.9918,-0.0005,0.0787)",-1,-1,-1,-1,-1,1,0.2861848,1.338986,5.246747,"(0.1492,-0.8776,0.2450,-0.3840)",-1,-1,-1,-1,-1
1,{},24.29261,379,1,0.2945655,1.670601,5.548328,"(0.0924,0.9542,-0.1662,0.2309)",1,0.5213283,1.360249,5.357444,"(-0.1182,-0.9895,-0.0022,0.0832)",-1,-1,-1,-1,-1,1,0.2879735,1.339605,5.25219,"(0.1866,-0.8603,0.2809,-0.3823)",-1,-1,-1,-1,-1
1,{},24.33463,380,1,0.2944185,1.670609,5.54843,"(0.0920,0.9546,-0.1667,0.2290)",1,0.5212688,1.358276,5.357264,"(-0.1081,-0.9906,0.0021,0.0843)",-1,-1,-1,-1,-1,1,0.2876559,1.339752,5.250518,"(0.1711,-0.8678,0.2631,-0.3853)",-1,-1,-1,-1,-1
1,{},24.39047,381,1,0.2939382,1.672531,5.548479,"(0.0924,0.9575,-0.1558,0.2244)",1,0.5210428,1.358176,5.35753,"(-0.1063,-0.9905,-0.0016,0.0873)",-1,-1,-1,-1,-1,1,0.2832876,1.340569,5.24207,"(0.1689,-0.8774,0.2442,-0.3768)",-1,-1,-1,-1,-1
1,{},24.44657,382,1,0.2919517,1.674391,5.548727,"(0.0888,0.9608,-0.1499,0.2158)",1,0.5217583,1.358267,5.357234,"(-0.1061,-0.9908,-0.0030,0.0835)",-1,-1,-1,-1,-1,1,0.2810563,1.336845,5.241643,"(0.1730,-0.8690,0.2796,-0.3699)",-1,-1,-1,-1,-1
1,{},24.50113,383,1,0.2894481,1.676201,5.548664,"(0.0852,0.9647,-0.1411,0.2054)",1,0.5219306,1.360966,5.354176,"(-0.1104,-0.9909,-0.0293,0.0718)",-1,-1,-1,-1,-1,1,0.2854237,1.356884,5.232097,"(0.2305,-0.8657,0.2231,-0.3843)",-1,-1,-1,-1,-1
1,{},24.59569,384,1,0.2838863,1.681065,5.54818,"(0.0768,0.9725,-0.1216,0.1831)",1,0.5204011,1.362633,5.352664,"(-0.1115,-0.9903,-0.0420,0.0710)",-1,-1,-1,-1,-1,1,0.286327,1.367672,5.225525,"(0.2842,-0.8556,0.2117,-0.3773)",-1,-1,-1,-1,-1
1,{},24.63269,385,1,0.2832144,1.681646,5.548138,"(0.0758,0.9734,-0.1191,0.1804)",1,0.5077095,1.376169,5.35073,"(-0.3163,-0.9435,-0.0621,0.0765)",-1,-1,-1,-1,-1,1,0.2719926,1.40738,5.188796,"(0.4512,-0.8090,0.1481,-0.3465)",-1,-1,-1,-1,-1
1,{},24.67468,386,1,0.2807055,1.684518,5.547709,"(0.0719,0.9769,-0.1069,0.1703)",1,0.5086492,1.374647,5.350996,"(-0.2995,-0.9492,-0.0598,0.0762)",-1,-1,-1,-1,-1,1,0.2735417,1.402548,5.19256,"(0.4356,-0.8148,0.1545,-0.3500)",-1,-1,-1,-1,-1
1,{},24.72979,387,1,0.2761118,1.691429,5.54721,"(0.0637,0.9841,-0.0745,0.1480)",1,0.4870434,1.378211,5.35182,"(-0.4405,-0.8883,-0.0588,0.1156)",-1,-1,-1,-1,-1,1,0.2574048,1.427872,5.178175,"(0.5217,-0.7769,0.0997,-0.3380)",-1,-1,-1,-1,-1
1,{},24.78555,388,1,0.2726544,1.694955,5.547883,"(0.0623,0.9869,-0.0539,0.1385)",1,0.4658858,1.355786,5.339966,"(-0.5255,-0.8432,0.0024,0.1131)",-1,-1,-1,-1,-1,1,0.2318312,1.445984,5.169601,"(0.6227,-0.7140,0.0381,-0.3178)",-1,-1,-1,-1,-1
1,{},24.84188,389,1,0.2689502,1.697677,5.5489,"(0.0564,0.9892,-0.0370,0.1299)",1,0.4561592,1.343703,5.333268,"(-0.5556,-0.8252,0.0230,0.0987)",-1,-1,-1,-1,-1,1,0.2153264,1.460055,5.163754,"(0.6498,-0.6937,-0.0127,-0.3106)",-1,-1,-1,-1,-1
1,{},24.89757,390,1,0.2652568,1.700674,5.54939,"(0.0524,0.9912,-0.0193,0.1202)",1,0.4449025,1.33736,5.331981,"(-0.5631,-0.8154,0.0620,0.1190)",-1,-1,-1,-1,-1,1,0.1873053,1.479783,5.158057,"(0.6485,-0.6855,-0.1762,-0.2801)",-1,-1,-1,-1,-1
1,{},24.95286,391,1,0.261499,1.70428,5.549893,"(0.0483,0.9932,-0.0025,0.1060)",1,0.4443219,1.337826,5.328222,"(-0.5557,-0.8211,0.0327,0.1262)",-1,-1,-1,-1,-1,1,0.1713966,1.490121,5.154187,"(0.6468,-0.6892,-0.2084,-0.2515)",-1,-1,-1,-1,-1
1,{},25.00853,392,1,0.2570338,1.707675,5.549968,"(0.0452,0.9950,0.0155,0.0872)",1,0.4464294,1.340319,5.328416,"(-0.5580,-0.8198,0.0007,0.1289)",-1,-1,-1,-1,-1,1,0.1552401,1.507489,5.157552,"(0.6358,-0.6887,-0.2605,-0.2315)",-1,-1,-1,-1,-1
1,{},25.06425,393,1,0.2516351,1.710663,5.550114,"(0.0407,0.9969,0.0331,0.0595)",1,0.4492835,1.335389,5.332938,"(-0.5465,-0.8263,-0.0067,0.1358)",-1,-1,-1,-1,-1,1,0.1430047,1.531876,5.166491,"(0.5815,-0.7229,-0.2908,-0.2339)",-1,-1,-1,-1,-1
1,{},25.12173,394,1,0.2468991,1.712276,5.550542,"(0.0371,0.9978,0.0437,0.0336)",1,0.4509613,1.330859,5.332202,"(-0.5480,-0.8273,-0.0024,0.1240)",-1,-1,-1,-1,-1,1,0.115662,1.554981,5.171134,"(0.5721,-0.7219,-0.3364,-0.1959)",-1,-1,-1,-1,-1
1,{},25.18331,395,1,0.2053495,1.711408,5.653177,"(0.0369,0.9984,0.0416,0.0124)",1,0.4151053,1.328654,5.431704,"(-0.5551,-0.8236,0.0071,0.1162)",-1,-1,-1,-1,-1,1,0.06193739,1.567314,5.27132,"(0.5617,-0.7391,-0.3350,-0.1611)",-1,-1,-1,-1,-1
1,{},25.22259,396,1,0.1548889,1.711771,5.741189,"(0.0344,0.9984,0.0445,0.0011)",1,0.3670582,1.331239,5.517518,"(-0.5563,-0.8230,0.0086,0.1144)",-1,-1,-1,-1,-1,1,-0.01903576,1.583473,5.371108,"(0.5686,-0.7189,-0.3827,-0.1158)",-1,-1,-1,-1,-1
1,{},25.26617,397,1,0.1003577,1.712136,5.835616,"(0.0336,0.9983,0.0477,-0.0049)",1,0.3146523,1.330994,5.610841,"(-0.5568,-0.8228,0.0084,0.1139)",-1,-1,-1,-1,-1,1,-0.0787167,1.587624,5.466679,"(0.5675,-0.7169,-0.3904,-0.1077)",-1,-1,-1,-1,-1
1,{},25.32059,398,1,0.07834473,1.712592,5.856859,"(0.0314,0.9982,0.0510,-0.0033)",1,0.2954914,1.331872,5.632996,"(-0.5741,-0.8091,-0.0090,0.1251)",-1,-1,-1,-1,-1,1,-0.1243734,1.593691,5.492377,"(0.5436,-0.7272,-0.4169,-0.0437)",-1,-1,-1,-1,-1
1,{},25.47724,399,1,0.07572784,1.712963,5.856671,"(0.0294,0.9981,0.0536,-0.0052)",1,0.2942733,1.328169,5.629996,"(-0.5610,-0.8205,-0.0077,0.1097)",-1,-1,-1,-1,-1,1,-0.137784,1.593635,5.494503,"(0.5147,-0.7332,-0.4441,-0.0133)",-1,-1,-1,-1,-1
1,{},25.51488,400,1,0.04783187,1.71296,5.793727,"(0.0278,0.9982,0.0533,0.0038)",1,0.2649335,1.327603,5.567737,"(-0.5603,-0.8211,-0.0096,0.1083)",-1,-1,-1,-1,-1,1,-0.1787158,1.597005,5.435824,"(0.5046,-0.7325,-0.4568,0.0064)",-1,-1,-1,-1,-1
1,{},25.58916,401,1,0.005277336,1.713103,5.645159,"(0.0269,0.9980,0.0554,0.0118)",1,0.2183811,1.329833,5.421035,"(-0.5577,-0.8207,-0.0013,0.1242)",-1,-1,-1,-1,-1,1,-0.2309319,1.579744,5.269569,"(0.5224,-0.7544,-0.3950,0.0451)",-1,-1,-1,-1,-1
1,{},25.64459,402,1,-0.023501,1.71318,5.50926,"(0.0286,0.9980,0.0550,0.0139)",1,0.1869952,1.327822,5.285779,"(-0.5512,-0.8244,0.0072,0.1282)",-1,-1,-1,-1,-1,1,-0.2774757,1.576084,5.131914,"(0.5075,-0.7524,-0.4122,0.0807)",-1,-1,-1,-1,-1
1,{},25.69944,403,1,-0.05375187,1.712834,5.382739,"(0.0322,0.9979,0.0537,0.0182)",1,0.1579776,1.327129,5.159701,"(-0.5604,-0.8184,0.0061,0.1267)",-1,-1,-1,-1,-1,1,-0.3156126,1.582641,5.015757,"(0.5405,-0.7167,-0.4365,0.0602)",-1,-1,-1,-1,-1
1,{},25.75502,404,1,-0.05328681,1.712369,5.382001,"(0.0317,0.9979,0.0518,0.0206)",1,0.1611906,1.326628,5.158417,"(-0.5711,-0.8130,-0.0010,0.1136)",-1,-1,-1,-1,-1,1,-0.3079912,1.589698,5.024003,"(0.5111,-0.7298,-0.4516,0.0468)",-1,-1,-1,-1,-1
1,{},25.81079,405,1,-0.05347833,1.712035,5.381693,"(0.0319,0.9981,0.0484,0.0203)",1,0.1580408,1.32644,5.159176,"(-0.5613,-0.8185,0.0045,0.1222)",-1,-1,-1,-1,-1,1,-0.3028783,1.595053,5.029655,"(0.5016,-0.7357,-0.4539,0.0342)",-1,-1,-1,-1,-1
1,{},25.866,406,1,-0.05343511,1.712221,5.381926,"(0.0318,0.9981,0.0474,0.0215)",1,0.158238,1.326005,5.158625,"(-0.5635,-0.8174,0.0080,0.1196)",-1,-1,-1,-1,-1,1,-0.3031543,1.599904,5.036215,"(0.5193,-0.7356,-0.4341,0.0285)",-1,-1,-1,-1,-1
1,{},25.91136,407,1,-0.05378492,1.712262,5.382358,"(0.0313,0.9981,0.0492,0.0219)",1,0.1585811,1.326156,5.158853,"(-0.5629,-0.8177,0.0056,0.1202)",-1,-1,-1,-1,-1,1,-0.3062319,1.604971,5.045021,"(0.5394,-0.7154,-0.4438,0.0171)",-1,-1,-1,-1,-1
1,{},25.98719,408,1,-0.05409987,1.711898,5.383088,"(0.0305,0.9981,0.0487,0.0214)",1,0.1588912,1.325908,5.158864,"(-0.5630,-0.8176,0.0042,0.1203)",-1,-1,-1,-1,-1,1,-0.3090011,1.616699,5.06242,"(0.5202,-0.7131,-0.4696,0.0167)",-1,-1,-1,-1,-1
1,{},26.0415,409,1,-0.05406577,1.712281,5.383557,"(0.0304,0.9980,0.0505,0.0220)",1,0.1590138,1.325596,5.158747,"(-0.5640,-0.8170,0.0065,0.1200)",-1,-1,-1,-1,-1,1,-0.306346,1.619359,5.06831,"(0.5333,-0.7189,-0.4458,-0.0003)",-1,-1,-1,-1,-1
1,{},26.09674,410,1,-0.05363087,1.712566,5.383785,"(0.0318,0.9979,0.0513,0.0246)",1,0.1589527,1.325411,5.158815,"(-0.5639,-0.8171,0.0059,0.1200)",-1,-1,-1,-1,-1,1,-0.3040965,1.621042,5.071556,"(0.5337,-0.7325,-0.4226,-0.0018)",-1,-1,-1,-1,-1
1,{},26.15271,411,1,-0.05331606,1.712551,5.383887,"(0.0314,0.9978,0.0519,0.0264)",1,0.1587478,1.324985,5.158751,"(-0.5633,-0.8176,0.0074,0.1193)",-1,-1,-1,-1,-1,1,-0.3068173,1.621629,5.075171,"(0.5121,-0.7478,-0.4224,0.0132)",-1,-1,-1,-1,-1
1,{},26.20804,412,1,-0.05299131,1.712853,5.383821,"(0.0315,0.9977,0.0527,0.0285)",1,0.1587823,1.324943,5.158838,"(-0.5628,-0.8179,0.0064,0.1196)",-1,-1,-1,-1,-1,1,-0.309005,1.622879,5.080708,"(0.5190,-0.7447,-0.4196,0.0030)",-1,-1,-1,-1,-1
1,{},26.27316,413,1,-0.05218899,1.712889,5.383957,"(0.0336,0.9976,0.0515,0.0306)",1,0.1589216,1.324581,5.158771,"(-0.5635,-0.8175,0.0073,0.1188)",-1,-1,-1,-1,-1,1,-0.304291,1.5993,5.06153,"(0.4844,-0.8217,-0.2983,0.0346)",-1,-1,-1,-1,-1
1,{},26.39268,414,1,-0.0519069,1.712446,5.384264,"(0.0361,0.9977,0.0491,0.0305)",1,0.1588499,1.324386,5.15875,"(-0.5637,-0.8174,0.0081,0.1188)",-1,-1,-1,-1,-1,1,-0.2912806,1.552237,5.035959,"(0.3984,-0.9085,-0.0954,0.0823)",-1,-1,-1,-1,-1
1,{},26.4326,415,1,-0.05058412,1.712683,5.383366,"(0.0395,0.9970,0.0556,0.0379)",1,0.1590119,1.324449,5.158659,"(-0.5643,-0.8169,0.0092,0.1189)",-1,-1,-1,-1,-1,1,-0.3082614,1.57788,5.034019,"(0.4773,-0.8349,-0.2469,0.1192)",-1,-1,-1,-1,-1
1,{},26.48796,416,1,-0.05025419,1.712027,5.382567,"(0.0382,0.9970,0.0509,0.0436)",1,0.1586554,1.324266,5.159065,"(-0.5638,-0.8172,0.0079,0.1191)",-1,-1,-1,-1,-1,1,-0.3021684,1.60234,5.056654,"(0.4446,-0.8130,-0.3694,0.0706)",-1,-1,-1,-1,-1
1,{},26.53227,417,1,-0.05049169,1.711588,5.383101,"(0.0337,0.9979,0.0422,0.0367)",1,0.1580747,1.323691,5.159122,"(-0.5624,-0.8181,0.0072,0.1194)",-1,-1,-1,-1,-1,1,-0.2986681,1.613312,5.061102,"(0.4805,-0.7992,-0.3571,0.0536)",-1,-1,-1,-1,-1
1,{},26.56657,418,1,-0.05043273,1.711551,5.383068,"(0.0334,0.9979,0.0415,0.0368)",1,0.1586736,1.324446,5.158648,"(-0.5636,-0.8175,0.0080,0.1185)",-1,-1,-1,-1,-1,1,-0.2807811,1.613126,5.066292,"(0.4676,-0.8078,-0.3583,0.0211)",-1,-1,-1,-1,-1
1,{},26.60867,419,1,-0.0491507,1.71195,5.384082,"(0.0344,0.9977,0.0470,0.0332)",1,0.158756,1.32446,5.158583,"(-0.5637,-0.8174,0.0081,0.1184)",-1,-1,-1,-1,-1,1,-0.2787281,1.615895,5.068273,"(0.4689,-0.8051,-0.3630,0.0156)",-1,-1,-1,-1,-1
1,{},26.66452,420,1,-0.04725357,1.71173,5.384815,"(0.0387,0.9973,0.0492,0.0371)",1,0.1587028,1.324017,5.158943,"(-0.5633,-0.8176,0.0102,0.1191)",-1,-1,-1,-1,-1,1,-0.2716102,1.603452,5.064756,"(0.4871,-0.8176,-0.3069,-0.0084)",-1,-1,-1,-1,-1
1,{},26.72027,421,1,-0.04640956,1.711564,5.385376,"(0.0412,0.9972,0.0472,0.0418)",1,0.1589745,1.323775,5.158981,"(-0.5642,-0.8170,0.0115,0.1188)",-1,-1,-1,-1,-1,1,-0.2736135,1.604735,5.064802,"(0.4936,-0.8080,-0.3217,-0.0063)",-1,-1,-1,-1,-1
1,{},26.77543,422,1,-0.04602144,1.71195,5.385828,"(0.0431,0.9969,0.0494,0.0438)",1,0.1584692,1.324314,5.159331,"(-0.5626,-0.8180,0.0086,0.1192)",-1,-1,-1,-1,-1,1,-0.2766749,1.60693,5.061848,"(0.4911,-0.8017,-0.3407,-0.0007)",-1,-1,-1,-1,-1
1,{},26.83072,423,1,-0.04632987,1.712221,5.386347,"(0.0426,0.9968,0.0513,0.0452)",1,0.1582897,1.324195,5.15924,"(-0.5630,-0.8178,0.0095,0.1189)",-1,-1,-1,-1,-1,1,-0.2748054,1.610915,5.062675,"(0.5187,-0.7762,-0.3578,-0.0209)",-1,-1,-1,-1,-1
1,{},26.88693,424,1,-0.04670976,1.712684,5.386883,"(0.0425,0.9966,0.0536,0.0464)",1,0.1583379,1.324182,5.158896,"(-0.5637,-0.8174,0.0092,0.1189)",-1,-1,-1,-1,-1,1,-0.2607586,1.611004,5.057731,"(0.5412,-0.7585,-0.3584,-0.0575)",-1,-1,-1,-1,-1
1,{},26.94215,425,1,-0.04668129,1.712997,5.387786,"(0.0428,0.9964,0.0556,0.0483)",1,0.1581889,1.323951,5.158602,"(-0.5635,-0.8175,0.0099,0.1187)",-1,-1,-1,-1,-1,1,-0.2321394,1.604552,5.045063,"(0.5921,-0.7307,-0.3203,-0.1137)",-1,-1,-1,-1,-1
1,{},26.99817,426,1,-0.04550876,1.713851,5.389266,"(0.0417,0.9958,0.0606,0.0537)",1,0.1582878,1.32395,5.158629,"(-0.5640,-0.8172,0.0095,0.1185)",-1,-1,-1,-1,-1,1,-0.1651768,1.57473,5.024783,"(0.6251,-0.7415,-0.1329,-0.2045)",-1,-1,-1,-1,-1
1,{},27.05402,427,1,-0.04409914,1.71424,5.39101,"(0.0406,0.9957,0.0613,0.0562)",1,0.1581006,1.323966,5.158753,"(-0.5640,-0.8172,0.0097,0.1183)",-1,-1,-1,-1,-1,1,-0.1029032,1.53616,5.014315,"(0.6102,-0.7498,0.0549,-0.2500)",-1,-1,-1,-1,-1
1,{},27.11019,428,1,-0.04182667,1.71564,5.392221,"(0.0381,0.9949,0.0705,0.0607)",1,0.1580821,1.323716,5.158892,"(-0.5640,-0.8172,0.0108,0.1182)",-1,-1,-1,-1,-1,1,-0.04716162,1.506452,5.016451,"(0.5952,-0.7279,0.1585,-0.3014)",-1,-1,-1,-1,-1
1,{},27.16424,429,1,-0.03982118,1.716284,5.393726,"(0.0389,0.9943,0.0747,0.0661)",1,0.158274,1.323715,5.159098,"(-0.5637,-0.8175,0.0102,0.1174)",-1,-1,-1,-1,-1,1,-0.0112676,1.474448,5.028098,"(0.5778,-0.6971,0.2845,-0.3151)",-1,-1,-1,-1,-1
1,{},27.22104,430,1,-0.03746715,1.716611,5.395157,"(0.0395,0.9938,0.0758,0.0706)",1,0.1580944,1.323886,5.159616,"(-0.5612,-0.8192,0.0102,0.1176)",-1,-1,-1,-1,-1,1,0.008507341,1.455588,5.043636,"(0.5701,-0.6414,0.3802,-0.3449)",-1,-1,-1,-1,-1
1,{},27.35301,431,1,-0.03646936,1.716954,5.395864,"(0.0394,0.9935,0.0776,0.0729)",1,0.1581562,1.324377,5.159868,"(-0.5615,-0.8190,0.0115,0.1174)",-1,-1,-1,-1,-1,1,0.009534791,1.445458,5.04439,"(0.5580,-0.6108,0.4483,-0.3386)",-1,-1,-1,-1,-1
1,{},27.39604,432,1,-0.03278866,1.713809,5.395443,"(0.0398,0.9923,0.0610,0.1000)",1,0.1570492,1.324805,5.160011,"(-0.5641,-0.8171,0.0164,0.1181)",-1,-1,-1,-1,-1,1,0.02217437,1.420177,5.001585,"(0.5843,-0.6148,0.4550,-0.2711)",-1,-1,-1,-1,-1
1,{},27.43819,433,1,-0.03134315,1.712517,5.394796,"(0.0374,0.9910,0.0523,0.1171)",1,0.1566927,1.324945,5.160134,"(-0.5625,-0.8182,0.0149,0.1181)",-1,-1,-1,-1,-1,1,0.02289335,1.420955,5.003985,"(0.5657,-0.6277,0.4378,-0.3071)",-1,-1,-1,-1,-1
1,{},27.49361,434,1,-0.02884091,1.710579,5.393953,"(0.0283,0.9882,0.0362,0.1459)",1,0.1567597,1.325018,5.160005,"(-0.5627,-0.8181,0.0151,0.1175)",-1,-1,-1,-1,-1,1,0.0225621,1.418986,4.990953,"(0.6034,-0.5791,0.4416,-0.3248)",-1,-1,-1,-1,-1
1,{},27.54859,435,1,-0.02664159,1.709901,5.39307,"(0.0201,0.9850,0.0266,0.1694)",1,0.1571061,1.324862,5.159935,"(-0.5631,-0.8179,0.0156,0.1174)",-1,-1,-1,-1,-1,1,0.02243018,1.415398,4.986723,"(0.6121,-0.5615,0.4426,-0.3378)",-1,-1,-1,-1,-1
1,{},27.60368,436,1,-0.02496701,1.708268,5.39167,"(0.0114,0.9811,0.0142,0.1925)",1,0.1577348,1.324614,5.159733,"(-0.5635,-0.8178,0.0160,0.1160)",-1,-1,-1,-1,-1,1,0.01135501,1.422255,4.979885,"(0.6635,-0.5221,0.4059,-0.3500)",-1,-1,-1,-1,-1
1,{},27.65933,437,1,-0.02459393,1.706174,5.390454,"(0.0085,0.9793,0.0003,0.2024)",1,0.1582578,1.32408,5.159551,"(-0.5638,-0.8177,0.0160,0.1150)",-1,-1,-1,-1,-1,1,0.0002340674,1.416815,4.972548,"(0.7011,-0.4855,0.4101,-0.3234)",-1,-1,-1,-1,-1
1,{},27.71599,438,1,-0.02526965,1.704479,5.389328,"(0.0050,0.9795,-0.0121,0.2009)",1,0.1580168,1.323725,5.159163,"(-0.5648,-0.8170,0.0180,0.1151)",-1,-1,-1,-1,-1,1,-0.005934536,1.405191,4.959523,"(0.7215,-0.5085,0.3887,-0.2640)",-1,-1,-1,-1,-1
1,{},27.77053,439,1,-0.02567695,1.703201,5.388566,"(0.0026,0.9798,-0.0176,0.1991)",1,0.1575498,1.323524,5.159107,"(-0.5642,-0.8174,0.0183,0.1153)",-1,-1,-1,-1,-1,1,-0.01525883,1.400403,4.944016,"(0.7589,-0.5067,0.3504,-0.2111)",-1,-1,-1,-1,-1
1,{},27.82666,440,1,-0.02735602,1.704314,5.387458,"(0.0006,0.9824,-0.0107,0.1864)",1,0.1565732,1.323603,5.159299,"(-0.5622,-0.8188,0.0162,0.1152)",-1,-1,-1,-1,-1,1,-0.02229811,1.397141,4.937764,"(0.7645,-0.5212,0.3242,-0.1971)",-1,-1,-1,-1,-1
1,{},27.88172,441,1,-0.02945354,1.704527,5.386842,"(0.0022,0.9854,-0.0105,0.1699)",1,0.1561569,1.32327,5.159172,"(-0.5624,-0.8186,0.0166,0.1156)",-1,-1,-1,-1,-1,1,-0.02622499,1.399634,4.926461,"(0.7587,-0.5605,0.2818,-0.1756)",-1,-1,-1,-1,-1
1,{},27.93717,442,1,-0.03054456,1.705143,5.386195,"(-0.0035,0.9865,-0.0094,0.1633)",1,0.1566647,1.322958,5.159067,"(-0.5625,-0.8184,0.0186,0.1160)",-1,-1,-1,-1,-1,1,-0.03171167,1.402134,4.918523,"(0.8048,-0.5106,0.2620,-0.1513)",-1,-1,-1,-1,-1
1,{},27.99525,443,1,-0.03138673,1.705276,5.384994,"(-0.0061,0.9873,-0.0081,0.1585)",1,0.1579625,1.322783,5.158961,"(-0.5637,-0.8176,0.0186,0.1154)",-1,-1,-1,-1,-1,1,-0.03457041,1.390133,4.911509,"(0.8092,-0.5288,0.2417,-0.0850)",-1,-1,-1,-1,-1
1,{},28.04518,444,1,-0.0323146,1.704835,5.383456,"(-0.0082,0.9884,-0.0103,0.1511)",1,0.1582901,1.322522,5.158967,"(-0.5633,-0.8180,0.0185,0.1150)",-1,-1,-1,-1,-1,1,-0.03784823,1.381929,4.906309,"(0.8098,-0.5441,0.2140,-0.0494)",-1,-1,-1,-1,-1
1,{},28.10428,445,1,-0.03294192,1.704364,5.38259,"(-0.0089,0.9892,-0.0134,0.1460)",1,0.158409,1.322344,5.158858,"(-0.5643,-0.8173,0.0201,0.1151)",-1,-1,-1,-1,-1,1,-0.03786847,1.373621,4.904696,"(0.7927,-0.5674,0.2223,-0.0155)",-1,-1,-1,-1,-1
1,{},28.1605,446,1,-0.03476315,1.702447,5.380841,"(-0.0061,0.9904,-0.0225,0.1364)",1,0.1584556,1.322276,5.158826,"(-0.5643,-0.8173,0.0202,0.1151)",-1,-1,-1,-1,-1,1,-0.04267484,1.36902,4.900381,"(0.7931,-0.5706,0.2130,0.0054)",-1,-1,-1,-1,-1
1,{},28.21696,447,1,-0.03546143,1.701768,5.380287,"(-0.0051,0.9908,-0.0258,0.1328)",1,0.1582558,1.322188,5.15886,"(-0.5637,-0.8177,0.0198,0.1150)",-1,-1,-1,-1,-1,1,-0.04228006,1.364905,4.899845,"(0.8057,-0.5385,0.2454,0.0252)",-1,-1,-1,-1,-1
1,{},28.27156,448,1,-0.03678655,1.701299,5.379237,"(-0.0055,0.9915,-0.0287,0.1270)",1,0.1583244,1.322102,5.158652,"(-0.5643,-0.8173,0.0201,0.1148)",-1,-1,-1,-1,-1,1,-0.04171623,1.363304,4.900903,"(0.7958,-0.5512,0.2490,0.0297)",-1,-1,-1,-1,-1
1,{},28.3276,449,1,-0.03783221,1.701166,5.3783,"(-0.0071,0.9921,-0.0306,0.1213)",1,0.1584618,1.321999,5.158647,"(-0.5647,-0.8170,0.0202,0.1148)",-1,-1,-1,-1,-1,1,-0.03987153,1.361955,4.902514,"(0.7858,-0.5632,0.2538,0.0301)",-1,-1,-1,-1,-1
1,{},28.3822,450,1,-0.03851844,1.701129,5.37749,"(-0.0085,0.9923,-0.0308,0.1197)",1,0.1586107,1.321929,5.158795,"(-0.5648,-0.8170,0.0201,0.1146)",-1,-1,-1,-1,-1,1,-0.0391726,1.364911,4.903015,"(0.7991,-0.5459,0.2507,0.0257)",-1,-1,-1,-1,-1
1,{},28.43818,451,1,-0.03918677,1.701352,5.377022,"(-0.0087,0.9926,-0.0294,0.1172)",1,0.1587532,1.322007,5.158823,"(-0.5652,-0.8167,0.0205,0.1144)",-1,-1,-1,-1,-1,1,-0.03772292,1.368507,4.903947,"(0.7969,-0.5485,0.2529,0.0113)",-1,-1,-1,-1,-1
1,{},28.49365,452,1,-0.03944803,1.701984,5.376962,"(-0.0105,0.9928,-0.0269,0.1166)",1,0.1588309,1.321945,5.158811,"(-0.5656,-0.8164,0.0205,0.1143)",-1,-1,-1,-1,-1,1,-0.03818563,1.369807,4.903753,"(0.8017,-0.5430,0.2497,0.0131)",-1,-1,-1,-1,-1
1,{},28.54905,453,1,-0.03977625,1.702722,5.377549,"(-0.0094,0.9930,-0.0225,0.1160)",1,0.1588204,1.322199,5.15876,"(-0.5655,-0.8166,0.0204,0.1142)",-1,-1,-1,-1,-1,1,-0.0389154,1.371039,4.903693,"(0.8040,-0.5375,0.2541,0.0082)",-1,-1,-1,-1,-1
1,{},28.60488,454,1,-0.03996091,1.70304,5.378659,"(-0.0099,0.9930,-0.0197,0.1160)",1,0.1589524,1.3221,5.158677,"(-0.5657,-0.8164,0.0206,0.1140)",-1,-1,-1,-1,-1,1,-0.0402557,1.374658,4.903022,"(0.8142,-0.5253,0.2472,0.0032)",-1,-1,-1,-1,-1
1,{},28.6614,455,1,-0.04001442,1.703221,5.379617,"(-0.0095,0.9931,-0.0184,0.1157)",1,0.158932,1.322063,5.15871,"(-0.5654,-0.8166,0.0199,0.1139)",-1,-1,-1,-1,-1,1,-0.03950733,1.377187,4.903913,"(0.8143,-0.5234,0.2508,-0.0098)",-1,-1,-1,-1,-1
1,{},28.70335,456,1,-0.03992944,1.703445,5.379951,"(-0.0097,0.9931,-0.0171,0.1160)",1,0.1587527,1.322215,5.15873,"(-0.5652,-0.8168,0.0199,0.1140)",-1,-1,-1,-1,-1,1,-0.04022136,1.37769,4.903893,"(0.8130,-0.5290,0.2432,-0.0107)",-1,-1,-1,-1,-1
1,{},28.7433,457,1,-0.0399541,1.703657,5.380359,"(-0.0104,0.9931,-0.0166,0.1158)",1,0.1586138,1.322539,5.158738,"(-0.5653,-0.8167,0.0199,0.1140)",-1,-1,-1,-1,-1,1,-0.0385717,1.375355,4.90504,"(0.8096,-0.5316,0.2488,-0.0097)",-1,-1,-1,-1,-1
1,{},28.78578,458,1,-0.03988856,1.703784,5.380523,"(-0.0095,0.9931,-0.0160,0.1157)",1,0.1586226,1.322522,5.158747,"(-0.5653,-0.8167,0.0199,0.1141)",-1,-1,-1,-1,-1,1,-0.03842461,1.375576,4.90517,"(0.8095,-0.5318,0.2486,-0.0107)",-1,-1,-1,-1,-1
1,{},28.84046,459,1,-0.03988498,1.703991,5.380744,"(-0.0097,0.9932,-0.0149,0.1150)",1,0.1586193,1.322583,5.158798,"(-0.5653,-0.8168,0.0199,0.1139)",-1,-1,-1,-1,-1,1,-0.03636816,1.37808,4.907154,"(0.8043,-0.5417,0.2425,-0.0286)",-1,-1,-1,-1,-1
1,{},28.89596,460,1,-0.03972957,1.70411,5.380544,"(-0.0089,0.9933,-0.0142,0.1143)",1,0.1585194,1.32268,5.158767,"(-0.5650,-0.8169,0.0197,0.1140)",-1,-1,-1,-1,-1,1,-0.02460633,1.386856,4.918901,"(0.7476,-0.6148,0.2279,-0.1061)",-1,-1,-1,-1,-1
1,{},28.95151,461,1,-0.03960459,1.704123,5.380292,"(-0.0083,0.9934,-0.0146,0.1136)",1,0.1585942,1.322649,5.15867,"(-0.5652,-0.8168,0.0199,0.1140)",-1,-1,-1,-1,-1,1,-0.008828714,1.39604,4.934871,"(0.6389,-0.7209,0.1765,-0.2025)",-1,-1,-1,-1,-1
1,{},29.00695,462,1,-0.03947771,1.70397,5.379848,"(-0.0076,0.9933,-0.0144,0.1140)",1,0.1585328,1.322657,5.158668,"(-0.5652,-0.8168,0.0201,0.1140)",-1,-1,-1,-1,-1,1,0.0193788,1.388687,4.965619,"(0.4235,-0.8387,0.0945,-0.3292)",-1,-1,-1,-1,-1
1,{},29.06231,463,1,-0.03957364,1.7035,5.379537,"(-0.0081,0.9933,-0.0174,0.1139)",1,0.1584429,1.322748,5.158816,"(-0.5648,-0.8170,0.0197,0.1143)",-1,-1,-1,-1,-1,1,0.02876046,1.359691,4.9749,"(0.2045,-0.9040,-0.0799,-0.3670)",-1,-1,-1,-1,-1
1,{},29.11844,464,1,-0.03940148,1.703407,5.379153,"(-0.0085,0.9933,-0.0179,0.1140)",1,0.1583725,1.322821,5.158949,"(-0.5647,-0.8171,0.0195,0.1143)",-1,-1,-1,-1,-1,1,0.03736596,1.319988,4.984533,"(-0.0708,-0.8752,-0.1771,-0.4446)",-1,-1,-1,-1,-1
1,{},29.17396,465,1,-0.03920107,1.703106,5.379274,"(-0.0086,0.9934,-0.0207,0.1129)",1,0.1582928,1.32277,5.159029,"(-0.5642,-0.8174,0.0193,0.1145)",-1,-1,-1,-1,-1,1,0.04090233,1.296579,4.985848,"(-0.1387,-0.8712,-0.1409,-0.4493)",-1,-1,-1,-1,-1
1,{},29.22958,466,1,-0.03875174,1.702982,5.379957,"(-0.0093,0.9936,-0.0212,0.1106)",1,0.1583459,1.323076,5.159138,"(-0.5639,-0.8176,0.0192,0.1147)",-1,-1,-1,-1,-1,1,0.03706905,1.334453,4.990385,"(0.2499,-0.8559,0.0517,-0.4497)",-1,-1,-1,-1,-1
1,{},29.28496,467,1,-0.03795077,1.703131,5.380458,"(-0.0057,0.9936,-0.0186,0.1112)",1,0.1582315,1.323019,5.159248,"(-0.5633,-0.8180,0.0190,0.1149)",-1,-1,-1,-1,-1,1,0.03753977,1.343493,4.990064,"(0.2786,-0.8483,0.0397,-0.4485)",-1,-1,-1,-1,-1
1,{},29.36295,468,1,-0.03717601,1.703151,5.380115,"(-0.0058,0.9928,-0.0196,0.1183)",1,0.1582664,1.322875,5.15925,"(-0.5633,-0.8180,0.0196,0.1148)",-1,-1,-1,-1,-1,1,0.03138435,1.345485,4.97809,"(0.2161,-0.8807,-0.0438,-0.4193)",-1,-1,-1,-1,-1
1,{},29.40278,469,1,-0.03717488,1.703178,5.379963,"(-0.0052,0.9927,-0.0202,0.1187)",1,0.1583045,1.322886,5.159247,"(-0.5635,-0.8178,0.0194,0.1151)",-1,-1,-1,-1,-1,1,0.03102137,1.338866,4.982131,"(0.1838,-0.8772,-0.0461,-0.4412)",-1,-1,-1,-1,-1
1,{},29.44529,470,1,-0.03726909,1.703235,5.379694,"(-0.0057,0.9928,-0.0199,0.1184)",1,0.1582883,1.322924,5.159293,"(-0.5635,-0.8179,0.0195,0.1150)",-1,-1,-1,-1,-1,1,0.03131118,1.339787,4.982329,"(0.1969,-0.8757,-0.0380,-0.4392)",-1,-1,-1,-1,-1
1,{},29.50105,471,1,-0.03753577,1.703086,5.379316,"(-0.0065,0.9928,-0.0200,0.1175)",1,0.1580734,1.322967,5.159479,"(-0.5629,-0.8182,0.0190,0.1152)",-1,-1,-1,-1,-1,1,0.02855152,1.345247,4.976528,"(0.2067,-0.8787,-0.0454,-0.4280)",-1,-1,-1,-1,-1
